,1,2,3,PanEV,CD63,EpCAM,CD9,SDC1,EGFR,PDL1,MET,CD81,HER2,ADAM10,CTSH
1,8.338811836,-6.721730102,19.1277663,1,0,0,1,0,0,1,1,0,0,1,0
2,-2.300480242,30.35508971,-5.054439553,1,0,0,0,1,0,0,1,0,0,0,0
3,-8.585197923,10.64862286,-6.51512467,1,0,0,0,0,0,0,0,0,0,1,0
4,1.330688028,22.55437561,13.73703898,1,0,0,0,0,0,0,0,0,0,0,0
5,-3.286894082,25.50986949,4.931701908,1,0,0,0,0,0,0,0,0,0,0,0
6,2.226214085,7.95766338,3.882186667,1,0,0,0,0,0,0,0,0,0,1,0
7,-7.392128306,5.769734121,6.280242713,1,0,0,0,0,0,0,0,0,0,1,0
8,-5.718247373,-12.85938938,-8.057369827,1,0,0,0,1,0,0,1,0,0,1,0
9,-10.47910066,35.83994384,0.099481123,1,0,0,0,0,0,0,0,0,0,1,0
10,-2.767133074,28.03940736,10.51036187,1,0,0,0,0,0,0,0,0,1,0,0
11,-5.874321228,-12.78076061,-9.761505531,1,0,0,0,1,0,0,1,0,0,1,0
12,3.613796861,10.52173311,16.36305807,1,0,0,0,0,0,0,1,0,1,0,0
13,1.750137847,16.47358272,17.27221749,1,0,0,0,0,0,0,0,0,0,0,0
14,-2.640176438,-8.960468844,-4.936932748,1,0,0,0,0,0,0,1,0,0,1,0
15,-8.893953067,37.44962094,0.51871929,1,0,0,0,0,0,0,1,0,0,1,0
16,2.780717704,24.99442775,1.617997551,1,0,0,0,0,0,0,0,0,0,1,0
17,-2.662755018,23.97365014,8.252960844,1,0,0,0,0,0,0,0,0,0,0,0
18,3.281329465,-2.801781059,11.18190428,1,0,0,0,0,0,0,1,0,0,1,0
19,-1.194271354,15.53651111,7.695682065,1,0,0,0,0,0,0,0,0,0,1,0
20,-3.710999859,24.11431199,3.401506209,1,0,0,0,0,0,0,0,0,0,0,0
21,1.078978226,23.97753704,13.86614831,1,0,0,1,0,0,1,0,0,1,0,0
22,6.527162668,-1.458510696,7.071212862,1,0,0,0,0,0,0,1,0,0,0,0
23,-1.671697698,27.2090976,11.56523725,1,0,0,1,0,0,1,0,0,1,1,0
24,5.185783854,16.71458737,16.20331456,1,0,0,1,0,0,1,0,0,0,0,0
25,-4.568557727,19.94427859,-3.194265029,1,0,0,0,0,0,0,0,0,0,0,0
26,1.14474954,23.30153722,13.50900476,1,0,0,0,0,0,0,0,0,0,0,0
27,-4.38917294,28.93080082,3.897892497,1,0,0,0,0,0,0,0,0,0,0,0
28,-1.760678897,-9.187822879,-6.135550613,1,0,0,0,0,0,0,1,0,0,1,0
29,3.232767661,17.89341611,11.37764262,1,0,0,1,0,0,1,0,0,0,1,0
30,-11.28291888,34.02521167,-1.282859008,1,0,0,0,0,0,0,0,0,0,1,0
31,-4.824517141,18.42220971,-1.072671894,1,0,0,0,0,0,0,0,0,0,0,0
32,3.854984149,15.66732796,12.23441664,1,0,0,0,0,0,0,0,0,0,0,0
33,-1.91872882,9.954416606,7.880683985,1,0,0,0,0,0,0,0,0,0,1,0
34,1.613820008,18.49067878,13.72546314,1,0,0,0,0,0,0,0,0,0,0,0
35,-2.064937014,6.868147778,-5.851263396,1,0,0,0,0,0,0,0,0,0,1,0
36,-10.84858229,18.71847707,-3.06160081,1,0,0,0,0,0,0,0,0,0,1,0
37,-9.975136204,-4.673627363,0.551329316,1,0,0,0,0,0,0,0,0,0,1,0
38,-10.6374927,12.55899187,-8.270347151,1,0,0,0,0,0,0,0,0,0,1,0
39,-12.09047876,-5.11332973,-10.99436961,1,0,0,0,0,0,0,0,0,0,1,0
40,-7.586936457,35.51385667,-0.352083871,1,0,0,0,0,0,0,0,0,0,1,0
41,-10.08826103,20.17382137,-0.979112672,1,0,0,0,0,0,0,0,0,0,1,0
42,-11.81715016,32.18263881,-1.098500378,1,0,0,0,0,0,0,0,0,0,1,0
43,-9.598398886,35.74259785,2.295111169,1,0,0,0,0,0,0,0,0,0,0,0
44,-10.01104247,32.72424794,0.620437981,1,0,0,0,0,0,0,0,0,0,0,0
45,-3.738025961,4.819517054,7.73553433,1,0,0,1,0,0,1,0,0,0,1,0
46,4.801765178,16.64787452,16.59641227,1,1,0,1,0,0,1,0,0,1,0,0
47,8.487566189,-8.072937077,-12.63128578,1,0,0,0,1,0,0,0,0,0,0,0
48,-3.208358244,17.09736155,-9.34007342,1,0,0,0,1,0,0,1,0,0,1,0
49,-10.54687271,14.82685863,-6.852482273,1,0,0,0,0,0,0,0,0,0,1,0
50,-8.761857228,38.51637091,1.739817541,1,0,0,0,0,0,0,0,0,0,0,0
51,-6.568078383,36.56211053,0.832372642,1,0,0,0,0,0,0,0,0,0,0,0
52,-10.97571393,15.26155699,-2.856900195,1,0,0,0,0,0,0,0,0,0,1,0
53,-6.717013496,35.73657328,-2.077162233,1,0,0,0,0,0,0,0,0,0,0,0
54,5.699460171,-12.96721956,-15.64182139,1,0,0,0,1,0,0,0,0,0,1,0
55,-4.33552404,22.09165926,7.000309283,1,1,0,1,1,0,1,1,0,1,1,0
56,-0.476430757,16.25521697,16.53972853,1,0,0,0,0,0,0,1,0,0,0,0
57,-4.444857282,28.95363926,4.531970296,1,0,0,1,1,0,0,0,1,1,1,0
58,-10.611134,0.040074098,-5.148014188,1,0,0,0,0,0,0,0,0,0,1,0
59,-10.99421587,36.64714306,0.101869101,1,0,0,0,0,0,0,0,0,0,1,0
60,1.062200624,-3.756819788,2.406353891,1,0,0,0,0,0,0,1,0,0,1,0
61,-5.536957762,15.10624824,-6.702449433,1,0,0,0,0,0,0,0,0,0,1,0
62,0.169791777,13.57712862,8.813277715,1,0,0,0,0,0,0,0,0,0,0,0
63,0.782448089,-0.278713193,13.30719295,1,0,0,0,0,0,0,0,0,0,1,0
64,4.292868164,-30.89519805,-11.82171264,1,0,0,0,0,0,0,1,0,0,1,0
65,-8.380109704,36.9424518,5.797179559,1,0,0,0,0,0,0,0,0,0,0,0
66,-6.478699053,32.13715287,2.505008909,1,0,0,0,0,0,0,0,0,0,1,0
67,-9.410106358,38.31182833,0.209677614,1,0,0,0,0,0,0,0,0,0,0,0
68,-3.73865399,21.85348258,-0.25344449,1,0,0,0,0,0,0,0,0,0,0,0
69,-4.845969176,23.08931801,6.524466091,1,0,0,1,0,0,0,0,0,1,1,0
70,-11.14670874,3.05659201,-4.924908094,1,0,0,0,0,0,0,0,0,0,1,0
71,-12.01037202,-5.702866379,-8.616207972,1,0,0,0,0,0,0,0,0,0,1,0
72,12.04594637,3.721583274,16.6071248,1,0,0,1,0,0,1,1,0,1,1,0
73,-2.515514299,26.84936741,-1.663068344,1,0,0,0,0,0,0,1,0,0,1,0
74,-12.0515005,-5.473552608,-9.28012078,1,0,0,0,0,0,0,0,0,0,1,0
75,4.81930921,16.28755221,13.53918011,1,0,0,1,0,0,1,0,0,1,0,0
76,2.387285724,24.50366486,2.842119296,1,0,0,0,0,0,0,0,0,0,1,0
77,5.735374881,-13.36765797,-15.28946371,1,0,0,0,1,0,0,0,0,0,1,0
78,-3.063831943,24.26569037,7.841331981,1,0,0,1,0,0,1,0,0,0,1,0
79,2.109509286,14.26793627,3.996621566,1,0,0,0,1,0,0,1,0,0,1,0
80,-6.871367186,17.10572333,-4.482956427,1,0,0,0,0,0,0,0,0,0,1,0
81,-10.02047056,26.0538214,2.918476774,1,0,0,0,0,0,0,0,0,0,1,0
82,3.442876043,18.30709427,3.089866911,1,0,0,0,0,0,0,0,0,0,0,0
83,11.69876158,6.40221774,20.20677851,1,0,0,1,0,0,1,0,0,1,1,0
84,1.992628497,4.304855758,12.24487579,1,0,0,1,1,0,1,1,0,1,1,0
85,13.14149138,-1.399138252,12.84057524,1,0,0,0,1,0,0,1,0,0,1,0
86,0.692226512,9.354494438,1.391041584,1,0,0,0,0,0,0,0,0,0,0,0
87,7.227066079,-5.159887629,-2.996504995,1,0,0,0,0,0,0,0,0,0,0,0
88,-7.235343259,34.18548623,2.187492834,1,0,0,0,0,0,0,0,0,0,0,0
89,8.691704986,-6.041711306,-12.27335157,1,0,0,0,1,0,0,0,0,0,0,0
90,-9.865532899,37.14050194,0.811053328,1,0,0,0,0,0,0,0,0,0,0,0
91,0.253377018,24.61511813,4.275146355,1,0,0,0,0,0,0,0,0,0,0,0
92,-2.68964089,20.12172008,4.109311586,1,0,0,0,0,0,0,0,0,0,0,0
93,-5.575591266,23.80402617,8.845245843,1,0,0,0,0,0,0,0,0,0,0,0
94,1.493369228,0.861576353,13.20242641,1,0,0,0,0,0,0,0,0,0,1,0
95,-6.828797583,5.268197312,5.991570856,1,0,0,0,0,0,0,0,0,0,1,0
96,-6.014517592,33.00571857,0.772855715,1,0,0,0,0,0,0,0,0,0,0,0
97,9.843583683,-17.68679656,2.574184257,1,0,0,0,1,0,0,1,0,0,1,0
98,-5.091245462,-8.082860037,-7.696341585,1,0,0,0,0,0,0,0,0,0,1,0
99,0.046069772,-15.11608527,-0.746162264,1,0,0,0,0,0,0,1,0,0,1,0
100,-6.838251426,-11.63434173,-10.06341882,1,0,0,0,0,0,0,0,0,0,1,0
101,-5.83176494,18.49760213,-3.061462495,1,0,0,0,0,0,0,0,0,0,0,0
102,-11.02138361,-8.570489116,-10.27223904,1,0,0,0,0,0,0,0,0,0,1,0
103,-2.547050877,7.301354956,-8.358763051,1,0,0,0,1,0,0,0,0,0,1,0
104,-2.085098188,26.28564819,-0.710218988,1,0,0,0,0,0,0,0,0,0,0,0
105,-9.840353533,20.19814168,0.78845248,1,0,0,1,1,0,0,0,0,0,1,0
106,-13.3868444,0.873626605,-5.709316832,1,0,0,0,0,0,0,0,0,0,1,0
107,6.827742109,-3.419366802,4.783639063,1,0,0,0,0,0,0,1,0,0,0,0
108,13.64085179,0.500611703,8.033031451,1,0,0,0,1,0,0,0,0,0,0,0
109,-3.763214374,20.35438007,-3.259722526,1,0,0,0,0,0,0,0,0,0,0,0
110,2.032607977,13.29229998,0.37717028,1,0,0,0,0,0,0,0,0,0,0,0
111,-0.307807986,-17.57762915,1.204993128,1,0,0,0,0,0,0,1,0,0,1,0
112,-11.4243313,2.408425436,-5.09746464,1,0,0,0,0,0,0,0,0,0,1,0
113,-2.742128196,-32.30893589,-11.66857889,1,0,0,0,1,0,0,0,0,0,1,0
114,-17.35519291,-0.756293954,-10.74975688,1,0,0,0,0,0,0,0,0,0,1,0
115,7.848753579,5.754927465,16.45146409,1,0,0,1,0,0,1,1,0,0,1,0
116,2.599207273,-3.595742885,11.22007687,1,0,0,0,0,0,0,1,0,0,1,0
117,-2.27685785,-33.90829054,-12.67239729,1,0,0,0,0,0,0,0,0,0,1,0
118,-6.595389232,-13.71955527,-9.910097455,1,0,0,0,0,0,0,0,0,0,1,0
119,0.710006664,-6.388830178,0.010966021,1,0,0,0,0,0,0,1,0,0,1,0
120,-9.961197244,14.24181884,-6.511300324,1,0,0,0,0,0,0,0,0,0,1,0
121,-2.272539711,5.892399649,-6.932506929,1,0,0,0,0,0,0,0,0,0,1,0
122,-3.276376121,13.17569565,4.625132758,1,0,0,0,0,0,0,0,0,0,0,0
123,2.182228679,11.73303403,11.62455052,1,0,0,1,0,0,1,0,1,1,1,0
124,-8.223188863,7.349925013,4.024473936,1,0,0,0,0,0,0,0,0,0,1,0
125,-9.198717966,10.38595663,-1.380170819,1,0,0,0,0,0,0,0,0,0,1,0
126,3.450442522,9.345986478,13.88134584,1,0,0,0,0,0,0,0,0,0,0,0
127,0.021082273,26.39971569,-2.57546207,1,0,0,0,0,0,0,0,0,0,0,0
128,-7.022226176,-9.049565009,-6.965569037,1,0,0,0,0,0,0,0,0,0,1,0
129,-11.27159543,-0.602314648,-5.364438248,1,0,0,0,0,0,0,0,0,0,1,0
130,-5.546966843,19.92169372,-2.736116947,1,0,0,0,0,0,0,0,0,0,0,0
131,1.269949061,-6.261563865,-0.353441971,1,0,0,0,0,0,0,1,0,0,1,0
132,-15.33839746,16.74182409,-7.360388518,1,0,0,0,0,0,0,0,0,0,1,0
133,1.077119576,-3.314912212,0.432570239,1,1,0,0,0,0,0,1,0,0,0,0
134,1.154686521,14.37007975,2.440954265,1,0,0,0,0,0,0,0,0,0,0,0
135,-8.54691348,10.48158203,-6.029112176,1,0,0,0,0,0,0,0,0,0,1,0
136,2.859583452,-28.56173871,-10.12693269,1,0,0,0,0,0,0,1,0,0,1,0
137,-0.19872961,5.950657909,1.927135462,1,0,0,0,0,0,0,0,0,0,0,0
138,2.612671571,17.29229281,3.460161719,1,0,0,0,0,0,0,0,0,0,0,0
139,11.94358594,6.442234007,20.99881919,1,0,0,0,0,0,0,0,0,1,0,0
140,6.5848421,-25.87706979,-7.801639406,1,0,0,0,1,0,0,1,0,0,1,0
141,-3.916627082,23.10431568,-1.587559217,1,0,0,0,0,0,0,0,0,0,0,0
142,3.003223226,-1.860322154,11.80112443,1,0,0,0,0,0,0,0,0,0,1,0
143,-0.819842828,30.80500512,-4.095704609,1,0,0,0,0,0,0,0,0,0,0,0
144,0.996997547,13.74684376,4.781810461,1,0,0,0,0,0,0,0,0,0,0,0
145,-10.97747144,19.21711925,-4.363321975,1,0,0,0,0,0,0,0,0,0,1,0
146,8.638465748,3.996033205,21.02029616,1,0,0,0,0,0,1,0,0,0,0,0
147,-4.765045364,9.252390519,3.90883585,1,0,0,0,0,0,0,0,0,0,0,0
148,-2.086853387,7.222981904,2.265828078,1,0,0,0,0,0,0,0,0,0,1,0
149,-10.01084207,19.09740239,1.467207615,1,0,0,0,0,0,0,0,0,0,1,0
150,8.287117859,8.359347418,16.71957178,1,0,0,0,0,0,0,0,0,0,0,0
151,-9.773444884,34.5667956,4.312253294,1,0,0,1,0,0,1,0,0,1,1,0
152,-0.037873985,15.69079446,14.91849721,1,0,0,0,0,0,0,0,0,0,0,0
153,-9.77493848,19.34450422,-2.282901914,1,0,0,0,0,0,0,0,0,0,0,0
154,-2.320310988,24.11042264,2.618164174,1,0,0,0,0,0,0,0,0,0,0,0
155,0.441628538,14.68567513,10.34996002,1,0,0,0,0,0,0,0,0,0,1,0
156,-8.660668221,9.220121287,-6.456710636,1,0,0,0,0,0,0,0,0,0,1,0
157,-8.048117552,12.69066739,2.079670344,1,0,0,0,0,0,0,0,0,0,1,0
158,-4.533890394,18.13820277,-9.08783804,1,0,0,0,1,0,0,0,0,0,1,0
159,2.735441582,16.59784801,17.9614798,1,0,0,1,0,0,0,0,0,0,0,0
160,-11.01178172,30.23750068,0.354701592,1,0,0,0,0,0,0,0,0,0,0,0
161,4.089087685,8.132895625,2.893054706,1,0,0,0,0,0,0,0,0,0,0,0
162,1.93829537,-27.93034445,-10.08432643,1,0,0,0,0,0,0,0,0,0,1,0
163,-5.30888689,-12.82872163,-10.23198542,1,0,0,0,1,0,0,0,0,0,1,0
164,0.558333598,13.81353794,-8.43073745,1,0,0,0,0,0,0,0,0,0,0,0
165,0.000441596,12.42384217,7.157602149,1,0,0,0,0,0,0,0,0,0,0,0
166,2.2939747,17.87915836,0.801903977,1,0,0,0,0,0,0,0,0,0,0,0
167,-10.64988247,38.45409781,2.546061467,1,0,0,0,0,0,0,0,0,0,0,0
168,-0.531496255,24.92268587,-3.210507572,1,0,0,0,0,0,0,0,0,0,0,0
169,2.910003177,22.81809729,14.25451402,1,0,0,1,0,0,1,0,0,1,1,0
170,3.205144263,22.54759208,2.719407228,1,0,0,0,0,0,0,0,0,0,1,0
171,5.188303206,-36.16311811,-10.28198141,1,0,0,0,0,0,0,0,0,0,1,0
172,2.821575129,17.99189338,2.924964407,1,0,0,0,0,0,0,0,0,0,0,0
173,-6.833036618,33.13325206,1.736313857,1,0,0,0,0,0,0,0,0,0,1,0
174,-16.51645615,5.633273764,-4.392641507,1,0,0,0,0,0,0,0,0,0,1,0
175,-8.326254537,17.30031824,-4.126658584,1,0,0,0,0,0,0,0,0,0,1,0
176,-1.533835325,-24.98249408,-5.217386526,1,0,0,0,0,0,0,1,0,0,1,0
177,0.438884375,18.6062073,8.369162776,1,0,0,0,0,0,0,0,0,0,0,0
178,7.081842764,-37.97838241,-6.520819279,1,0,0,0,0,0,0,1,0,0,1,0
179,-2.94745863,5.331384983,-6.888958224,1,0,0,0,0,0,0,0,0,0,1,0
180,-0.989941243,23.20962874,10.48098008,1,0,0,0,0,0,0,0,0,0,0,0
181,12.90402983,2.376439929,9.194393755,1,0,0,0,0,0,0,0,0,0,0,0
182,4.060564833,15.25602956,13.19870984,1,0,0,0,0,0,0,0,0,0,0,0
183,3.812126987,0.237541188,14.85524341,1,0,0,0,0,0,0,0,0,0,1,0
184,-8.803738587,36.73873277,1.468013284,1,0,0,0,0,0,0,0,0,0,0,0
185,-7.523999329,22.97628318,9.724453014,1,0,0,1,0,0,0,0,0,0,0,0
186,-5.751522878,19.71966442,0.136617206,1,0,0,0,0,0,0,0,0,0,0,0
187,-12.69956381,-0.942943776,-4.901612771,1,0,0,0,0,0,0,0,0,0,1,0
188,-10.17733879,-7.041377209,-3.89114631,1,0,0,0,0,0,0,0,0,0,1,0
189,-10.92301368,-6.968554011,-7.497752745,1,0,0,0,0,0,0,0,0,0,1,0
190,3.028805412,-4.922868676,-0.130942902,1,0,0,0,0,0,0,1,0,0,0,0
191,-0.092550054,26.9024447,-2.293690214,1,0,0,0,0,0,0,0,0,0,0,0
192,5.259289224,20.3628406,-3.185943467,1,0,0,0,0,0,0,0,0,0,0,0
193,-17.18716022,-6.041751342,-11.61834209,1,0,0,0,0,0,0,0,0,0,1,0
194,0.900703835,-11.10648109,-14.20558665,1,0,0,0,1,0,0,0,0,0,1,0
195,-12.90785172,-4.73890559,-11.19453976,1,0,0,0,0,0,0,0,0,0,1,0
196,-10.09045556,-12.33486603,-5.58067879,1,0,0,0,0,0,0,1,0,0,1,0
197,2.305936521,24.14164984,2.657120687,1,0,0,0,0,0,0,0,0,0,1,0
198,-6.425362166,12.61897221,3.423753417,1,0,0,0,0,0,0,0,0,0,0,0
199,1.417613847,-11.1449588,-13.82176449,1,0,0,0,1,0,0,0,0,0,1,0
200,-9.539971136,-3.946591432,0.097150664,1,0,0,0,0,0,0,0,0,0,1,0
201,-16.33015887,-7.039888847,-12.65541718,1,0,0,0,0,0,0,0,0,0,1,0
202,16.2390284,0.523013398,18.67997702,1,0,0,1,1,0,1,0,0,1,0,0
203,5.008104343,-4.693728756,-1.461148481,1,0,0,0,0,0,0,0,0,0,0,0
204,-2.904101546,15.94659765,-8.145390744,1,0,0,0,1,0,0,0,0,0,1,0
205,-1.143656778,-9.929114774,7.820263846,1,0,0,0,0,0,0,1,1,0,0,0
206,-0.675409295,7.433602603,-6.679769775,1,0,0,0,0,0,0,0,0,0,0,0
207,-15.66382883,5.876352503,-4.06019547,1,0,0,0,0,0,0,0,0,0,1,0
208,-8.027034581,7.769370529,-4.73928346,1,0,0,0,0,0,0,0,0,0,1,0
209,8.12881652,8.351409165,6.693824558,1,0,0,0,0,0,0,0,0,0,0,0
210,4.661792733,19.15762259,-5.148651915,1,0,0,0,1,0,0,0,0,0,0,0
211,-2.194174295,8.221094145,7.094172092,1,0,0,0,0,0,0,0,0,0,1,0
212,-9.276619018,19.39918949,-2.833548075,1,0,0,0,0,0,0,0,0,0,0,0
213,3.662358754,4.757521877,11.6637055,1,0,0,0,0,0,0,0,0,0,0,0
214,-14.81496022,0.580840837,-5.425801634,1,0,0,0,0,0,0,0,0,0,1,0
215,14.93548359,-1.486755368,21.54286142,1,0,0,1,0,0,1,0,0,1,1,0
216,6.469776703,15.57766387,17.38408598,1,0,0,0,0,0,0,0,0,1,0,0
217,-7.297965507,-12.6526127,-2.148909646,1,0,0,0,0,0,0,1,0,0,1,0
218,0.758468503,10.13279743,-2.603036144,1,0,0,0,0,0,0,0,0,0,0,0
219,2.866451812,10.66819611,16.85702141,1,0,0,0,0,0,0,0,0,0,0,0
220,-3.82276,-9.819048772,-7.571867505,1,0,0,0,0,0,0,0,0,0,1,0
221,5.100547898,16.54657608,-6.563267265,1,0,0,0,0,0,0,0,0,0,0,0
222,-6.049304024,-7.817372724,-7.462220807,1,0,0,0,0,0,0,0,0,0,1,0
223,6.35502599,-14.22555129,-1.145008777,1,0,0,0,1,0,0,1,0,0,1,0
224,-2.522616145,-33.41113987,-12.66089551,1,0,0,0,0,0,0,0,0,0,1,0
225,5.283629484,-3.827679467,-6.184780786,1,0,0,0,0,0,0,0,0,0,0,0
226,-2.911803109,14.86980391,17.94107136,1,0,0,0,0,0,0,1,0,0,0,0
227,-3.46478341,-32.48676163,-15.63383967,1,0,0,0,0,0,0,0,0,0,1,0
228,-3.108520366,-0.907938789,1.693999258,1,0,0,0,0,0,0,0,0,0,0,0
229,-6.564567392,32.10794926,4.306663431,1,0,0,0,0,0,0,0,0,0,0,0
230,8.596676769,-28.02986369,-5.922052613,1,0,0,0,0,0,0,1,0,0,1,0
231,5.863741101,11.30702798,0.429125492,1,0,0,0,0,0,0,0,0,0,0,0
232,0.476008451,9.773120799,3.019047769,1,0,0,0,0,0,0,0,0,0,0,0
233,-8.5438503,13.04300797,1.218229103,1,0,0,0,0,0,0,0,0,0,1,0
234,2.335632342,21.34144546,13.25727593,1,0,0,0,0,0,1,0,0,0,0,0
235,-11.90993531,6.272339004,-2.645750307,1,0,0,0,0,0,0,0,0,0,1,0
236,-8.631246502,-10.00726654,-9.754406477,1,0,0,0,0,0,0,0,0,0,1,0
237,6.191664166,-32.3437797,-10.58484553,1,0,0,0,0,0,0,1,0,0,1,0
238,2.280191118,-8.813596051,4.18748261,1,0,0,0,0,0,0,1,0,0,1,0
239,-2.300547286,-6.17671659,-0.761308186,1,0,0,0,0,0,0,1,0,0,1,0
240,12.44170768,6.468286254,21.33416825,1,0,0,1,0,0,0,0,0,1,0,0
241,1.308854898,-35.87850382,-10.60624426,1,0,0,0,1,0,0,0,0,0,1,0
242,0.24956983,26.47755302,-4.106392302,1,0,0,0,0,0,0,0,0,0,0,0
243,1.062608484,11.34502855,-6.875303825,1,0,0,0,0,0,0,0,0,0,0,0
244,0.071457744,13.6347083,-2.711990812,1,0,0,0,0,0,0,0,0,0,0,0
245,-1.669829301,20.14704736,14.70578374,1,0,0,0,0,0,0,0,0,0,0,0
246,-4.375577948,18.9920414,2.011930793,1,0,0,0,0,0,0,0,0,0,0,0
247,-0.342331812,30.33137425,-4.27207666,1,0,0,0,0,0,0,0,0,0,0,0
248,-0.411301557,5.047420676,-3.278310274,1,0,0,0,0,0,0,0,0,0,0,0
249,-0.463783268,8.861575716,-8.825003547,1,0,0,0,1,0,0,0,0,0,0,0
250,-0.124158604,24.27372944,2.154182368,1,0,0,0,0,0,0,0,0,0,0,0
251,-2.518986743,17.4319827,-6.425319752,1,0,0,0,0,0,0,0,0,0,0,0
252,-9.746864612,3.85427679,0.885263988,1,0,0,0,0,0,0,0,0,0,1,0
253,-6.285530587,25.75398174,5.024915135,1,0,0,0,0,0,0,0,0,0,0,0
254,-8.293307692,11.8043563,-5.343800754,1,0,0,0,0,0,0,0,0,0,0,0
255,-6.888929976,15.86280312,-5.789429225,1,0,0,0,0,0,0,0,0,0,1,0
256,-6.000561796,-29.65283413,-13.07992997,1,0,0,0,0,0,0,0,0,0,1,0
257,-0.289177615,5.037708895,1.848772881,1,0,0,0,0,0,0,0,0,0,1,0
258,-8.095910086,20.41138379,0.41009237,1,0,0,0,0,0,0,0,0,0,0,0
259,4.510855602,-30.38370974,-11.09213315,1,0,0,0,0,0,0,1,0,0,1,0
260,-3.612528088,30.06044036,-5.586313143,1,0,0,0,1,0,0,1,0,0,1,0
261,3.003645278,-2.518401023,12.5353005,1,0,0,0,0,0,0,1,0,0,1,0
262,-10.31902805,34.13545076,-0.853877727,1,0,0,0,0,0,0,0,0,0,1,0
263,13.07776857,0.987365844,17.12400892,1,0,0,0,0,0,1,0,0,0,1,0
264,1.037930345,14.77471839,11.2602623,1,0,0,0,0,0,0,0,0,0,1,0
265,10.41155753,5.304164967,12.76710514,1,0,0,0,0,0,0,0,0,0,0,0
266,10.18191118,4.654646418,14.20937082,1,0,0,0,0,0,0,0,0,0,0,0
267,-7.304611255,-6.01920318,0.207073097,1,0,0,0,0,0,0,0,0,0,1,0
268,12.35467867,7.597739062,21.14094114,1,0,0,0,0,0,1,0,0,1,1,1
269,-0.158179278,25.76918196,12.95670707,1,0,0,0,0,0,1,0,0,1,0,0
270,-9.673257202,2.486444521,-6.088735005,1,0,0,0,0,0,0,0,0,0,1,0
271,3.483102991,-35.01352972,0.454440248,1,0,0,1,1,0,0,1,0,1,1,0
272,0.172144759,-23.57097759,-12.21252967,1,0,0,0,1,0,0,0,0,0,1,0
273,-6.507293931,20.1637251,-2.011141487,1,0,0,0,0,0,0,0,0,0,1,0
274,-4.050803293,-0.363301196,1.963306624,1,0,0,0,0,0,0,0,0,0,0,0
275,-6.741219258,36.17092284,1.16685043,1,0,0,0,0,0,0,0,0,0,0,0
276,0.904544512,14.04439628,11.1342358,1,0,0,0,0,0,1,1,0,1,1,0
277,0.178652252,-30.67026932,-14.91849271,1,0,0,0,0,0,0,0,0,0,1,0
278,8.67130682,-33.75260416,-2.954708894,1,0,0,0,1,0,0,1,0,0,1,0
279,-8.589393181,-8.668988167,-7.364281028,1,0,0,0,1,0,0,1,0,0,1,0
280,-9.68242815,-6.126685367,-0.774324178,1,0,0,0,0,0,0,0,0,0,1,0
281,14.77230022,-3.364826455,16.30461578,1,0,0,0,0,0,0,1,0,1,1,0
282,-4.089765649,28.14942734,3.908024076,1,0,0,0,0,0,0,0,0,0,0,0
283,-10.52016197,35.25195964,-1.989071364,1,0,0,0,1,0,0,0,0,0,1,0
284,-2.260761171,-32.44850588,-3.40380565,1,0,0,0,1,0,0,0,1,0,1,0
285,-3.631338845,14.37860254,-10.79590875,1,0,0,0,1,0,0,1,0,0,1,0
286,2.243178791,13.53809633,5.64478066,1,0,0,0,0,0,0,0,0,0,1,0
287,-5.782672675,36.95681768,0.885262114,1,0,0,1,0,0,0,0,0,0,1,0
288,-2.024619313,-13.74155107,-0.987861072,1,0,0,0,0,0,0,1,0,0,1,0
289,-1.373762015,0.776402897,-3.841558361,1,0,0,0,1,0,0,1,0,0,1,0
290,-10.21853558,17.78956366,-1.948634677,1,0,0,0,0,0,0,0,0,0,1,0
291,-3.038170022,25.27731365,-0.30196474,1,0,0,0,0,0,0,0,0,0,0,0
292,-2.61206111,-28.31539142,-5.955319572,1,0,0,0,0,0,0,1,0,0,1,0
293,-9.474592553,-8.85173693,-7.32208716,1,0,0,0,0,0,0,1,0,0,1,0
294,-1.551582705,19.80213266,-3.304206394,1,0,0,0,1,0,0,0,0,0,1,0
295,0.807480208,-29.56844565,-14.67620856,1,0,0,0,0,0,0,0,0,0,1,0
296,-4.458600035,-28.32973161,-10.40202286,1,0,0,0,0,0,0,0,0,0,1,0
297,-1.163760742,-4.316130941,1.451548207,1,0,0,0,0,0,0,1,0,0,1,0
298,5.910275152,8.112304152,16.30302028,1,0,0,1,0,0,1,1,0,1,1,1
299,-12.65658702,-2.700883502,-6.745664031,1,0,0,0,0,0,0,1,0,0,1,0
300,-2.412211813,15.03996016,17.77423588,1,0,0,0,0,0,0,1,0,0,0,0
301,10.35106384,6.084504911,17.62469297,1,0,0,1,0,0,1,0,0,1,1,0
302,5.054065387,20.03265143,-3.71151751,1,0,0,0,1,0,0,0,0,0,0,0
303,16.73876301,-0.603290568,15.97633744,1,0,0,0,1,0,0,0,0,0,0,0
304,-5.28547886,-32.15992407,-13.04791473,1,0,0,0,0,0,0,0,0,0,1,0
305,-2.851234863,8.810244329,7.850013083,1,0,0,0,0,0,0,0,0,0,1,0
306,4.446793915,0.24709193,11.7770785,1,0,0,1,0,0,1,1,0,1,1,0
307,1.088643387,0.35811301,15.52052039,1,0,0,1,0,0,1,0,0,1,1,0
308,11.58207288,4.275552797,18.86106988,1,0,0,1,0,0,1,0,1,1,1,0
309,-0.700909478,-22.65610758,-14.34883427,1,0,0,0,1,0,0,0,0,0,1,0
310,4.926014652,14.49305585,13.09133169,1,0,0,0,1,0,1,0,0,1,1,0
311,13.02167897,-3.193029702,17.74208351,1,0,0,1,0,0,1,1,0,1,1,0
312,-0.998704599,-11.58825504,-13.38917627,1,0,0,0,1,0,0,0,0,0,1,0
313,-0.87911715,-17.09214208,-0.89280228,1,0,0,0,0,0,0,1,0,0,1,0
314,-3.017766206,22.08771833,-0.963643122,1,0,0,0,1,0,0,0,0,0,1,0
315,-1.347390531,18.21882117,-1.111486292,1,0,0,0,0,0,0,0,0,0,1,0
316,4.422308873,0.50251219,11.85214204,1,0,0,1,0,0,0,1,0,0,1,0
317,-12.44524509,-9.227399342,-13.26956104,1,0,0,0,0,0,0,0,0,0,1,0
318,-0.305661111,-25.40880308,-11.07465241,1,0,0,0,1,0,0,0,0,0,1,0
319,-2.581185445,-26.48247888,-5.943914154,1,0,0,0,1,0,0,1,0,0,1,0
320,6.79755266,0.20123928,14.09488042,1,0,0,0,0,0,0,1,0,1,1,0
321,4.720017096,-38.31708753,-7.108469885,1,0,0,0,1,0,0,1,0,0,1,0
322,4.145164057,-27.53382461,-5.339933962,1,0,0,0,1,0,0,1,0,0,1,0
323,0.562017695,-6.220706702,2.597457822,1,0,0,0,0,0,0,1,0,0,1,0
324,0.034095245,-24.09296092,-11.94281472,1,0,0,0,1,0,0,0,0,0,1,0
325,-8.529233725,12.25112705,3.270838704,1,0,0,0,0,0,0,0,0,0,1,0
326,-7.263396544,16.01320841,-4.843680127,1,0,0,0,0,0,0,0,0,0,1,0
327,3.839963357,-28.99657419,-10.01690291,1,0,0,0,0,0,0,1,0,0,1,0
328,-3.45204318,21.24409606,-1.77456341,1,0,0,0,0,0,0,0,0,0,0,0
329,-7.605097094,7.748669469,3.997679348,1,0,0,1,1,0,1,1,1,1,1,1
330,2.864173347,15.44641213,3.254341457,1,0,0,0,1,0,0,1,0,1,1,1
331,-0.571395676,25.29576376,4.402157357,1,0,0,0,0,0,1,1,0,0,1,0
332,5.684206181,-32.3967785,0.307658994,1,0,0,0,1,0,0,1,0,0,1,0
333,-8.441487385,37.31996972,5.538874707,1,0,0,0,0,0,1,0,0,1,0,0
334,9.465804164,-21.33784322,-1.393349214,1,0,0,0,1,0,0,1,0,0,1,0
335,3.622919513,13.63985879,12.18742,1,0,0,1,0,0,1,0,0,1,1,0
336,-0.846296715,2.439432261,3.332945054,1,0,0,0,0,0,0,0,0,0,1,0
337,-3.519369736,7.858293965,2.199570955,1,0,0,0,0,0,0,0,0,0,1,0
338,13.1318482,-2.732994602,11.72025633,1,0,0,0,1,0,0,1,0,0,1,0
339,-0.987718659,13.46635623,6.51415702,1,0,0,0,0,0,0,0,0,0,0,0
340,-6.583670378,25.96469014,5.08952031,1,0,0,0,0,0,0,1,0,1,1,0
341,7.054506095,-34.28012916,-10.38862096,1,0,0,0,0,0,0,1,0,0,1,0
342,-15.90462059,-2.342184342,-9.957505347,1,0,0,0,0,0,0,1,0,0,1,0
343,-7.620592756,-7.9319799,-8.241863657,1,0,0,0,1,0,0,1,0,0,1,0
344,7.079784355,-30.93769728,-0.954985785,1,0,0,0,1,0,0,1,0,0,1,0
345,4.050963841,-10.60767706,-8.544117607,1,0,0,0,1,0,0,1,0,0,1,0
346,-4.998896707,8.839911158,3.817462311,1,0,0,0,0,0,0,0,0,0,1,0
347,0.780129049,1.133171718,4.546352582,1,0,0,0,0,0,0,1,0,0,1,0
348,-1.961723394,26.23511193,0.243992871,1,0,0,1,1,0,1,1,0,1,1,0
349,10.04956345,1.866570996,12.74109603,1,0,0,1,0,0,0,0,0,0,1,0
350,7.097417053,1.406697492,15.19730665,1,0,0,1,0,0,1,1,0,1,1,0
351,-6.231361,19.55871388,0.065154759,1,0,0,0,0,0,0,0,0,0,1,0
352,-1.368212991,15.54689902,7.90473002,1,0,0,1,0,0,0,1,0,0,1,0
353,-3.268058448,-13.94995067,-0.587460622,1,0,0,1,1,0,1,1,0,1,1,0
354,0.896267383,13.43489862,11.27650555,1,0,0,0,0,0,0,0,0,1,1,0
355,-9.689795701,33.64988339,-1.280955142,1,0,0,0,0,0,0,0,0,0,1,0
356,-0.962367504,6.15548187,-4.288825148,1,0,0,0,1,0,0,0,0,0,1,0
357,-2.884935195,-13.97527305,-3.009063878,1,0,0,0,0,0,0,1,0,0,1,0
358,4.025984569,20.26648739,10.51478618,1,0,0,1,0,0,1,0,0,0,1,0
359,-0.849622175,-13.71779287,-1.03190852,1,0,0,0,0,0,0,1,0,0,1,0
360,3.117731233,10.79614154,16.71188671,1,0,0,1,0,0,0,1,0,1,1,0
361,-12.62011443,3.148308879,-4.957225165,1,0,0,0,1,0,0,1,0,0,1,0
362,-11.68115476,32.83747175,1.49846763,1,0,0,0,1,0,0,0,0,0,1,0
363,-0.645649247,-1.401043782,13.35176219,1,0,0,0,0,0,0,0,0,0,1,0
364,16.2960284,-5.157093437,8.678490701,1,0,0,0,1,0,0,1,0,0,1,0
365,-6.559370061,20.5766558,-0.002809305,1,0,0,0,0,0,0,0,0,0,1,0
366,0.23739848,-30.71705649,-15.20048197,1,0,0,0,1,0,0,0,0,0,1,0
367,8.207452174,2.578743761,19.15052432,1,0,0,1,0,0,1,0,0,1,1,0
368,-15.32899586,-4.91950458,-11.3615536,1,0,0,0,0,0,0,1,0,0,1,0
369,-9.774676564,35.11648672,5.725308546,1,0,0,1,0,0,0,0,0,1,1,0
370,16.83371418,-8.76548309,10.73289827,1,0,0,1,1,0,0,1,0,0,0,0
371,-0.230586201,13.18885614,1.041058101,1,0,0,0,0,0,0,1,0,0,1,0
372,-10.99471628,11.68520775,-7.747527362,1,0,0,0,0,0,0,1,0,0,1,0
373,0.048386061,-3.354227357,-2.402736557,1,0,0,0,0,0,0,1,0,0,1,0
374,3.123689725,-27.23312466,-0.961963819,1,0,0,0,1,0,0,1,0,1,1,0
375,5.371504795,15.36626267,-7.695626782,1,0,0,0,1,0,0,1,0,0,0,0
376,5.910036527,-28.0587944,-6.324932344,1,0,0,1,1,0,0,1,0,0,1,0
377,-6.417429897,32.64350065,-3.998392068,1,0,0,0,1,0,0,1,0,0,1,0
378,-9.549951069,34.54519672,3.164581774,1,0,0,1,0,0,1,1,0,0,1,0
379,0.364316748,-29.44587361,-4.176380968,1,0,0,0,0,0,0,1,0,0,1,0
380,-11.1642129,-5.559217718,-4.638370814,1,0,0,0,0,0,0,1,0,0,1,0
381,-0.888139467,-19.29401464,-0.484157951,1,0,0,0,0,0,0,1,0,0,1,0
382,-14.83355436,-6.528887677,-10.11418035,1,0,0,0,0,0,0,0,0,0,1,0
383,-5.831812768,32.96948906,2.327406804,1,0,0,0,0,0,0,1,0,0,1,0
384,-2.477972313,-30.61259392,-11.83371677,1,0,0,0,0,0,0,0,0,0,1,0
385,-10.1000942,35.03588476,4.738614677,1,0,0,1,0,0,0,0,0,0,1,0
386,0.325029404,26.75907995,12.81432003,1,0,0,1,0,1,1,0,0,1,1,0
387,-13.081643,18.38124487,-5.751421865,1,0,0,0,0,0,0,0,0,0,1,0
388,-5.582583494,31.13137525,6.232454708,1,0,0,1,0,1,1,1,1,1,1,1
389,-7.661632676,33.90820718,-2.508882331,1,0,0,0,0,0,0,1,0,0,1,0
390,-16.16672798,-3.760860644,-10.65977512,1,0,0,1,0,0,0,1,0,0,1,0
391,5.036031293,-3.302423653,8.54547121,1,0,0,0,0,0,0,1,0,0,1,0
392,3.650299919,-29.63902329,-9.20777613,1,0,0,0,0,0,0,1,0,0,1,0
393,-8.736508513,34.96536754,0.663313685,1,0,0,0,0,0,0,0,0,0,1,0
394,-0.867456312,2.776604266,2.480690266,1,0,0,0,0,0,0,1,0,0,1,0
395,-0.089128172,-0.003633783,-3.087096134,1,0,0,0,0,0,0,1,0,0,1,0
396,1.920729124,-9.031172137,-13.97580202,1,0,0,0,1,0,0,0,0,0,1,0
397,-7.429479967,8.788268517,-6.198072932,1,0,0,0,0,0,0,1,0,0,1,0
398,3.987433113,12.46745936,-2.323727636,1,0,0,0,0,0,0,1,0,0,1,0
399,6.912697967,-12.7884422,4.110600915,1,0,0,0,0,0,0,1,0,0,1,0
400,6.36799505,-33.15100923,-11.15687245,1,0,0,0,0,0,0,1,0,0,1,0
401,1.060559948,-35.40159068,-9.324196308,1,0,0,0,1,0,0,0,0,0,1,0
402,-11.93259489,26.52877198,-4.663797848,1,0,0,0,0,0,0,0,0,0,1,0
403,-7.538646099,-9.036108203,-10.71620781,1,0,0,0,0,0,0,0,0,0,1,0
404,3.66936482,16.41156212,18.86790228,1,0,0,0,1,0,0,0,0,1,0,0
405,-1.38907589,-26.09904412,-11.6280131,1,0,0,0,0,0,0,0,0,0,1,0
406,-1.093103634,26.29090941,11.95080297,1,0,0,1,0,0,1,0,0,1,1,0
407,-12.35128301,29.83811939,-2.605837265,1,0,0,0,0,0,0,0,0,0,1,0
408,-12.32424044,-3.373809228,-5.793170011,1,0,0,0,0,0,0,1,0,0,1,0
409,-6.869075926,-28.30993135,-11.29070958,1,0,0,0,0,0,0,0,0,0,1,0
410,-10.71644466,10.70364788,-6.282523925,1,0,0,0,1,0,1,1,0,0,1,0
411,2.33316015,8.347598321,12.35235101,1,1,0,0,0,0,0,0,0,0,1,0
412,16.92126138,-8.161089518,9.761499837,1,0,0,0,1,0,0,1,0,0,1,0
413,7.4178836,-15.65196819,-14.00673869,1,0,0,1,1,0,0,0,0,0,1,0
414,-4.119304239,-24.88165391,-5.045423282,1,0,0,1,1,0,1,1,0,1,1,0
415,-5.605974476,31.24926276,6.111022645,1,0,0,0,0,0,1,1,0,0,1,0
416,-1.959857109,18.15117738,15.32071246,1,0,0,1,1,0,1,1,0,1,1,0
417,5.12024672,17.80961298,-3.168258845,1,0,0,0,0,0,0,0,0,0,0,0
418,-6.919471717,33.1734619,-3.748676824,1,0,0,0,1,0,0,1,0,0,1,0
419,6.639304722,-33.3539076,-7.905437069,1,0,0,0,0,0,0,1,0,0,1,0
420,-0.937295899,-30.14223253,-3.640945966,1,0,0,1,1,0,0,1,0,1,1,0
421,7.556744613,-34.76229037,-8.067846059,1,0,0,0,0,0,0,1,0,0,1,0
422,-11.43287216,30.7317571,-1.971674733,1,0,0,0,0,0,0,0,0,0,1,0
423,-3.020928509,-29.77214349,-11.7205057,1,0,0,0,0,0,0,1,0,0,1,0
424,1.687700913,-15.86191381,-3.985477771,1,0,0,0,1,0,0,1,0,0,1,0
425,-0.371720079,25.1562527,14.1135164,1,0,0,1,0,1,1,0,1,1,1,1
426,-13.46524666,-6.188673062,-9.776368943,1,0,0,0,0,0,0,0,0,0,1,0
427,-9.502782545,35.33141446,6.416046626,1,0,0,0,0,0,1,0,0,1,1,0
428,-4.056757248,-8.219521435,-1.100782271,1,0,0,0,0,0,0,1,0,0,1,0
429,-3.085069936,-27.0812024,-8.000510191,1,0,0,0,0,0,0,1,0,0,1,0
430,-9.465748127,39.77169178,0.480846186,1,0,0,0,0,0,0,1,0,0,0,0
431,-0.869369442,17.3518209,0.162827482,1,0,0,0,0,0,0,0,0,0,0,0
432,-13.86135542,15.20573882,-9.4286877,1,0,0,0,1,0,0,1,0,0,1,0
433,7.295343069,-31.78024578,-2.590914353,1,0,0,0,1,0,0,1,0,0,1,0
434,-13.8052291,29.23815919,-2.156541605,1,0,0,0,0,0,0,1,0,0,1,0
435,4.278445235,-20.4635698,0.879079745,1,0,0,0,0,0,0,1,0,0,1,0
436,5.106850023,8.846056782,16.32015959,1,0,0,0,0,0,0,0,0,0,0,0
437,-4.284475762,6.362369059,6.658933289,1,0,0,0,0,0,0,0,0,0,1,0
438,4.301220392,12.20881372,-1.14796446,1,0,0,0,0,0,0,1,0,0,1,0
439,-16.22427812,-1.873614124,-9.951673954,1,0,0,0,0,0,0,0,0,0,1,0
440,6.208950435,-24.04202732,3.026769533,1,0,0,0,1,0,0,1,0,0,1,0
441,1.246999015,2.484842956,4.948835129,1,0,0,0,1,0,0,1,0,0,1,0
442,2.087221474,-3.418803889,12.22257865,1,0,0,0,0,0,0,1,0,0,1,0
443,-8.817781935,-14.29416229,-4.260105873,1,0,0,0,0,0,0,1,0,0,1,0
444,-8.845013771,37.90339357,2.91966114,1,0,0,0,0,0,0,0,0,0,0,0
445,-7.252704838,24.4911366,3.173515048,1,0,0,1,0,0,0,1,0,1,1,0
446,14.93257522,-1.851268342,21.89417191,1,1,0,1,0,0,1,0,0,1,1,0
447,-4.021211656,-13.17853885,1.677282414,1,0,0,0,0,0,0,1,0,0,1,0
448,5.332563337,10.58256409,1.970995672,1,0,0,0,0,0,0,0,0,0,0,0
449,-2.23547282,23.17600983,3.744084858,1,0,0,0,0,0,1,1,0,0,1,0
450,3.632631867,20.43367782,-4.022914091,1,0,0,0,0,0,0,0,0,0,0,0
451,-8.05277224,-28.28116436,-6.647113453,1,0,0,1,0,0,1,0,0,1,1,0
452,-7.190336505,3.808268507,6.89458131,1,0,0,1,0,1,1,1,0,1,1,1
453,6.196536794,-12.98636219,-10.84979039,1,0,0,0,1,0,0,1,0,0,1,0
454,-5.298481319,24.74159849,3.626666584,1,0,0,0,0,0,0,1,0,1,1,0
455,1.382032305,20.57118694,7.044623479,1,0,0,0,0,0,0,0,0,0,0,0
456,14.99903015,-3.125358329,8.068746694,1,0,0,0,1,0,0,1,0,0,1,0
457,5.970892108,-11.80742689,-14.69363587,1,0,0,0,1,0,0,0,0,0,1,0
458,-2.342897668,23.72560133,2.665379987,1,0,0,0,0,0,0,0,0,0,0,0
459,-11.05499061,22.22205998,1.597210065,1,0,0,0,0,0,0,0,1,0,1,0
460,-5.519194768,-11.31186736,-3.430961615,1,0,0,0,0,0,0,1,0,0,1,0
461,1.04940069,24.2676126,3.72976881,1,0,0,0,0,0,0,1,0,0,1,0
462,-3.375250022,7.14019806,-5.683746691,1,0,0,0,1,0,0,0,0,0,1,0
463,-0.093245348,-19.84533453,-14.5697612,1,0,0,0,1,0,0,0,0,0,1,0
464,-1.144097084,9.214027232,7.56911225,1,0,0,0,1,0,0,0,0,0,1,0
465,1.345073583,-5.531904183,-0.205222459,1,0,0,0,0,0,0,1,0,0,1,0
466,4.410068663,17.76855629,-2.844404351,1,0,0,0,0,0,0,0,0,0,0,0
467,-0.382149503,10.02528323,-4.008679456,1,0,0,0,0,0,0,0,0,0,1,0
468,-15.63408933,-1.517757563,-5.662728505,1,0,0,0,0,0,0,0,0,0,1,0
469,2.222791914,23.01119819,12.57688161,1,0,0,1,0,0,1,0,1,1,1,1
470,1.209247213,12.09004097,3.133021193,1,0,0,0,0,0,0,0,0,0,0,0
471,8.559391991,-7.690861348,19.58480313,1,0,0,0,0,1,1,1,1,0,1,0
472,5.834123763,-27.62586955,-5.713726131,1,0,0,0,1,0,0,1,0,0,1,0
473,6.311312465,-28.29375585,-7.3846441,1,0,0,0,1,0,0,1,0,0,1,0
474,-17.08380935,5.683424867,-4.132515091,1,0,0,0,0,0,0,0,0,0,1,0
475,-0.889388063,24.24941077,14.42344617,1,0,0,1,1,1,1,0,1,1,0,1
476,0.594813042,1.794078987,13.91305241,1,0,0,0,0,0,0,0,0,0,1,0
477,0.841812715,10.50375329,2.221571022,1,0,0,0,0,0,0,0,0,0,0,0
478,14.1146742,4.721772953,19.08437797,1,0,0,0,0,0,0,0,0,1,1,0
479,-10.96834776,17.61709944,-3.599701853,1,0,0,0,0,0,0,1,0,0,1,0
480,-3.904405163,12.45810753,-12.84408607,1,0,0,0,0,0,0,1,0,0,1,0
481,-10.33478443,31.25311817,0.441272069,1,0,0,0,0,0,0,0,0,0,1,0
482,-9.90230222,12.58951745,2.718894994,1,0,0,0,0,0,0,0,0,0,1,0
483,-1.025204288,15.03351061,-9.710023403,1,0,0,0,1,0,0,1,0,0,1,0
484,1.11058257,0.585376879,15.49862415,1,0,0,1,0,0,1,0,0,0,1,0
485,-8.500833878,37.76710532,4.372091007,1,0,0,0,0,0,0,0,0,0,0,0
486,7.11929747,-35.49186239,-3.80390233,1,0,0,0,0,0,0,1,0,0,1,0
487,3.582999185,7.28162543,3.406647632,1,0,0,0,0,0,0,0,0,0,0,0
488,-9.000749044,11.51799711,-10.08585826,1,0,0,0,1,0,0,1,0,0,1,0
489,-5.616025577,32.06478594,-4.399903066,1,0,0,0,1,0,0,0,0,0,1,0
490,-1.204685208,9.081978427,-5.065245673,1,0,0,0,0,0,0,0,0,0,1,0
491,5.021223342,-38.06115715,-9.630296354,1,0,0,0,0,0,0,0,0,0,1,0
492,-2.314830079,26.74891802,10.8521532,1,0,0,1,1,0,1,1,0,1,1,1
493,14.46230367,-2.38647154,17.83567748,1,0,0,1,0,0,1,1,0,1,1,0
494,-2.55701255,-10.02814243,-7.920278284,1,0,0,0,1,0,0,1,0,0,1,0
495,-0.641083371,-24.38705698,-11.90318285,1,0,0,0,1,0,0,0,0,0,1,0
496,-9.463074998,26.49421421,3.064650551,1,0,0,0,0,0,1,0,0,1,1,0
497,2.551355271,0.18034426,8.365474067,1,0,0,0,1,0,0,1,0,1,1,0
498,3.050564244,-9.981101184,-13.5029074,1,0,0,0,1,0,0,0,0,0,1,0
499,-7.552138907,34.93112166,1.436889922,1,0,0,0,0,0,0,0,0,0,1,0
500,-8.082802733,-13.3137546,-3.751276474,1,0,0,0,0,0,0,1,0,0,1,0
501,7.702999146,-9.042440305,-13.00829047,1,0,0,0,1,0,0,0,0,0,1,0
502,2.926831211,0.602316736,9.726096427,1,0,0,0,0,0,0,0,0,0,1,0
503,-1.958812165,-0.629933838,-3.473371182,1,0,0,0,0,0,0,1,0,0,1,0
504,-9.811998034,37.56814879,-0.553207908,1,0,0,0,0,0,0,0,0,0,1,0
505,-12.08574235,31.31608986,-2.668758884,1,0,0,0,0,0,0,0,0,0,1,0
506,14.83918694,-2.790102278,20.7697907,1,0,0,1,0,0,1,1,0,1,1,0
507,-4.245023297,-28.64572032,-8.915633992,1,0,0,0,0,0,0,0,0,0,1,0
508,-11.10885998,16.52462475,-5.328827922,1,0,0,0,0,0,0,0,0,0,1,0
509,-7.102078751,36.70884173,6.857575002,1,0,0,0,0,0,1,1,0,1,0,0
510,10.16881752,2.144687964,12.33053712,1,0,0,0,1,0,0,1,0,1,1,0
511,-17.37706214,5.605614493,-4.112999104,1,0,0,0,0,0,0,1,0,1,1,0
512,-9.086256027,-11.34410807,-15.33756549,1,0,0,0,0,0,0,0,0,0,1,0
513,-4.953367753,-28.93347339,-7.241391032,1,0,0,0,0,0,1,1,0,1,1,0
514,1.779788247,-14.75161535,-9.887765888,1,0,0,0,1,0,0,0,0,0,1,0
515,14.93648155,-3.886602617,20.66471197,1,0,0,1,1,0,1,1,0,1,1,0
516,-10.87858908,11.81510876,2.823929857,1,0,0,0,0,0,0,0,0,0,1,0
517,8.105503402,-37.80515542,-3.501423009,1,0,0,0,0,0,0,1,0,0,1,0
518,1.360641563,12.4258596,-5.712300634,1,0,0,0,0,0,0,0,0,0,0,0
519,2.411723023,-1.714193973,8.07573764,1,0,0,0,1,0,0,1,0,0,1,0
520,-2.188794439,-32.64946147,-15.2104352,1,0,0,0,0,0,0,0,0,0,1,0
521,-6.175525202,-28.91268222,-10.97239446,1,0,0,0,0,0,0,0,0,0,1,0
522,0.875920009,-18.95130023,-3.957553772,1,0,0,0,1,0,0,1,0,0,1,0
523,-9.224065328,1.791486398,-7.083580056,1,0,0,0,0,0,0,0,0,0,1,0
524,3.713611339,-32.89338269,-12.8081925,1,0,0,0,1,0,0,1,0,0,1,0
525,0.508824404,-21.03295367,-5.602624193,1,0,0,0,0,0,0,1,0,0,1,0
526,-0.137431712,-28.39314369,-14.87521894,1,0,0,0,0,0,0,0,0,0,1,0
527,-10.689626,-9.977870295,-13.72423153,1,0,0,0,0,0,0,0,0,0,1,0
528,5.373184778,-25.8196356,-4.216863315,1,0,0,0,1,0,0,1,0,0,1,0
529,-9.697690053,4.030035558,-1.643022271,1,0,0,0,0,0,0,0,0,0,1,0
530,-4.05876388,-7.387917708,-7.921266805,1,0,0,0,1,0,0,1,0,0,1,0
531,-0.996855891,17.02995391,2.075322653,1,0,0,0,0,0,0,0,0,0,0,0
532,15.32405045,-8.716612178,6.989110001,1,0,0,0,1,0,0,1,0,0,1,0
533,3.522554705,-34.93745578,2.695557088,1,0,0,0,0,0,1,1,0,1,1,0
534,-2.761934502,8.221091187,6.814451202,1,0,0,0,1,0,1,1,0,0,1,0
535,9.384799377,4.117130516,15.48121087,1,0,0,0,0,0,1,1,0,1,1,1
536,-2.948452755,-26.94753748,-8.497010336,1,0,0,0,0,0,0,1,0,0,1,0
537,15.02411496,4.214454413,22.37120258,1,0,0,0,0,0,1,0,0,1,0,1
538,1.417655869,-26.81360348,-4.778238141,1,0,0,0,1,0,0,1,0,0,1,0
539,-0.326140268,-17.56822773,1.694308412,1,0,0,0,0,0,0,1,0,0,1,0
540,-9.642708312,3.492686674,0.98001776,1,0,0,0,0,0,0,0,0,0,1,0
541,3.499846892,18.08378433,-4.291917577,1,0,0,0,0,0,0,0,0,0,0,0
542,1.275032223,-9.560397639,-6.987271226,1,0,0,0,1,0,0,1,0,0,1,0
543,-1.150016284,-29.43929914,-3.972288421,1,0,0,0,1,0,0,1,0,0,1,0
544,8.404399984,-35.58969214,-4.691666438,1,0,0,0,1,0,0,1,0,0,1,0
545,9.862463838,-11.39706888,-12.66932878,1,0,0,0,1,0,0,0,0,0,1,0
546,-12.27052251,-9.326060023,-6.008163412,1,0,0,0,0,0,0,1,0,0,1,0
547,-13.31209033,-2.790293792,-7.95599819,1,0,0,0,0,0,0,1,0,0,1,0
548,-10.98240414,10.48237332,-5.796518127,1,0,0,0,0,0,0,1,0,0,1,0
549,-11.32460121,-6.77299737,-12.25774428,1,0,0,0,0,0,0,0,0,0,1,0
550,-13.10076013,-8.491700455,-11.21653013,1,0,0,0,0,0,0,0,0,0,1,0
551,6.976477063,-36.11955536,-8.96809175,1,0,0,0,0,0,0,1,0,0,1,0
552,-0.77924806,5.513475505,-4.200818592,1,0,0,0,1,0,0,0,0,0,1,0
553,-6.274930256,-11.08701877,-15.34791897,1,0,0,0,1,0,0,0,0,0,1,0
554,5.183841279,-37.27871588,-9.971401325,1,0,0,0,0,0,0,1,0,0,1,0
555,0.954607749,-27.17886086,-9.406346763,1,0,0,0,0,0,0,1,0,0,1,0
556,12.97578273,7.829420608,21.26814336,1,0,0,0,0,0,0,0,0,1,1,0
557,-0.004040428,-0.069070949,13.95305458,1,0,0,0,0,0,0,0,0,0,1,0
558,8.858153559,2.845771453,20.99384396,1,0,0,1,0,0,1,1,0,1,0,0
559,1.115943977,12.37126763,-5.44837922,1,0,0,0,0,0,0,0,0,0,0,0
560,1.612994708,-35.70545982,-9.381415776,1,0,0,0,1,0,0,1,0,0,1,0
561,-3.636363035,-11.51489489,-5.24494842,1,0,0,0,1,0,0,1,0,0,1,0
562,-6.234813382,23.86621313,9.190390622,1,0,0,0,0,0,0,0,0,0,0,0
563,14.35812821,5.159443194,21.87871382,1,0,0,0,1,0,0,1,0,1,1,1
564,-11.63022381,26.66166552,-4.734334026,1,0,0,0,1,0,0,1,0,0,1,0
565,6.109417111,-11.51246576,-14.70923783,1,0,0,0,1,0,0,0,0,0,1,0
566,-5.85489608,31.81569135,-5.556292029,1,0,0,0,1,0,0,1,0,0,1,0
567,6.94595012,-36.7093454,-3.929607123,1,0,0,1,1,0,0,1,0,0,1,0
568,-6.264828414,-26.21993652,-10.81500909,1,0,0,0,0,0,0,0,0,0,1,0
569,7.890037682,-18.65625504,0.605140013,1,0,0,0,1,0,0,1,0,0,1,0
570,-1.978987664,-13.33678216,-0.755009208,1,0,0,0,0,0,0,1,0,0,1,0
571,-3.130291398,-28.81479321,-5.177931761,1,0,0,0,1,0,1,1,0,1,1,0
572,5.534787784,11.11011557,0.630072746,1,0,0,0,0,0,0,1,0,0,0,0
573,-10.77618198,27.96893552,-2.245647318,1,0,0,0,1,0,0,1,0,0,1,0
574,-15.37049969,-0.831600918,-4.701773588,1,0,0,0,0,0,0,0,0,0,1,0
575,-4.83024238,29.28929547,3.148470455,1,0,0,0,0,0,0,0,0,0,0,0
576,-16.6368926,-0.432082369,-4.768552178,1,0,0,0,0,0,0,0,0,0,1,0
577,-3.828291236,19.5145101,-2.012905979,1,0,0,0,0,0,0,0,0,0,1,0
578,-6.560307839,8.114099834,4.240710722,1,0,0,0,0,0,0,0,0,0,1,0
579,-8.725697393,5.560759816,5.602842782,1,0,0,0,0,0,0,0,0,0,1,0
580,-14.34955383,-3.260776692,-8.584599806,1,0,0,0,0,0,0,1,0,0,1,0
581,1.234491815,17.13000307,17.02622159,1,0,0,0,0,0,0,0,0,0,0,0
582,-14.02976526,0.899747652,-5.90767151,1,0,0,0,0,0,0,0,0,0,1,0
583,-8.794150004,-10.43502874,-15.00284627,1,0,0,0,0,0,0,0,0,0,1,0
584,16.73768794,-3.731325479,18.85710701,1,0,0,1,1,0,1,1,1,1,1,0
585,0.67278697,-30.49296847,-4.990323389,1,0,0,0,0,0,0,0,0,0,1,0
586,-10.85631984,37.48095874,-1.426272886,1,0,0,0,0,0,0,0,0,0,1,0
587,0.812667836,13.95677692,18.04308822,1,0,0,0,0,0,0,1,0,1,0,0
588,-15.24515121,-4.950897984,-10.37215099,1,0,0,0,0,0,0,1,0,0,1,0
589,-1.172891933,4.477758548,6.401069657,1,0,0,1,1,0,1,1,1,1,1,0
590,7.844118139,-21.85699181,-1.632398945,1,0,0,0,1,0,0,1,0,0,1,0
591,1.021688896,16.00863482,16.57295412,1,0,0,0,0,0,0,0,0,0,0,0
592,-6.174568794,32.89071186,-3.632978088,1,0,0,0,1,0,0,1,0,0,1,0
593,6.373037756,11.06096124,-1.752587776,1,0,0,0,0,0,0,1,0,0,0,0
594,10.03979019,-9.505882805,-1.456963506,1,0,0,0,1,0,0,1,0,0,1,0
595,6.8529099,-4.064131631,4.130139308,1,0,0,0,0,0,0,1,0,0,0,0
596,5.775429269,-19.96037481,1.595350505,1,0,0,0,0,0,0,1,0,0,1,0
597,2.100796168,20.87225474,12.74077815,1,0,0,1,1,0,1,1,0,1,1,0
598,-11.16444076,29.32185424,-2.278349067,1,0,0,0,0,0,0,0,0,0,1,0
599,-1.598780877,7.159252199,6.961451748,1,0,0,1,1,0,1,1,0,0,1,0
600,5.453755789,16.26959611,-2.566142353,1,0,0,0,0,0,0,0,0,0,0,0
601,6.643932309,10.41659226,-2.756165884,1,0,0,0,0,0,0,1,0,0,1,0
602,13.27737991,1.52631582,9.240143324,1,0,0,1,1,0,1,1,0,0,1,0
603,3.306671364,-30.91215582,0.96214758,1,0,0,1,1,0,0,1,0,0,1,0
604,4.095145817,-3.520490927,9.874513042,1,0,0,0,0,0,0,1,0,0,1,0
605,11.70325242,3.669536703,4.472782662,1,0,0,0,1,0,0,0,0,0,1,0
606,-2.049664655,-26.77239699,-8.841871203,1,0,0,0,0,0,0,1,0,0,1,0
607,10.91278928,-11.25311849,-0.198215707,1,0,0,0,1,0,0,1,0,0,0,0
608,-3.922727388,21.41984965,2.07190011,1,0,0,0,0,0,0,0,0,0,1,0
609,7.593354627,-6.027010253,-4.453588164,1,0,0,0,1,0,0,1,0,0,1,0
610,-0.805990321,22.66416154,9.849488231,1,0,0,0,0,0,0,0,0,0,0,0
611,-12.44223072,16.98361047,-6.375574322,1,0,0,0,0,0,0,1,0,0,1,0
612,-4.747714619,11.8285154,-11.04109775,1,0,0,0,0,0,0,1,0,0,1,0
613,-5.115294837,14.00780753,-11.17514868,1,0,0,0,0,0,0,1,0,0,1,0
614,4.812149996,-30.66802388,-12.12067459,1,0,0,0,0,0,0,1,0,0,1,0
615,3.772905046,3.521402593,12.1975334,1,0,0,1,1,0,1,1,0,1,1,0
616,4.003522421,12.4700072,-1.786700014,1,0,0,0,0,0,0,1,0,0,1,0
617,13.18434494,-2.953524682,16.91158655,1,0,0,1,1,0,1,1,0,1,1,0
618,13.56017331,2.132007893,15.95337094,1,0,0,1,1,0,1,0,0,1,0,0
619,8.509455101,-19.52550933,0.575342153,1,0,0,0,1,0,0,1,0,0,1,0
620,-5.104680008,-15.3205901,-8.897080457,1,0,0,0,0,0,0,1,0,0,1,0
621,0.383736938,7.346720538,-3.233053186,1,0,0,0,0,0,0,0,0,0,1,0
622,-8.379913836,-13.31774122,-2.990355432,1,0,0,0,0,0,0,1,0,0,1,0
623,0.112001283,11.42192188,-4.108808521,1,0,0,0,0,0,0,0,0,0,0,0
624,-12.42000433,1.815258963,-6.405401671,1,0,0,0,0,0,0,0,0,0,1,0
625,-0.280799243,-17.52377513,-2.208088476,1,0,0,0,0,0,0,1,0,0,1,0
626,-3.692438986,-11.11332203,-4.749268025,1,0,0,0,1,0,0,1,0,0,1,0
627,12.49576337,-3.003343796,17.64623962,1,0,0,1,0,0,1,1,0,1,1,0
628,5.723552744,-28.13516338,-6.966069173,1,0,0,0,0,0,0,1,0,0,1,0
629,17.13569716,-9.726776251,9.910789861,1,0,0,0,1,1,0,1,1,0,1,0
630,0.292537969,19.4951848,6.043188727,1,0,0,1,1,0,1,1,0,1,1,0
631,-0.091340268,14.46546575,-9.171540281,1,0,0,0,1,0,0,1,0,0,1,0
632,1.597269294,-15.33052523,-8.422206254,1,0,0,0,1,0,0,1,0,0,1,0
633,6.501558117,-11.32798061,-4.992483506,1,0,0,0,1,0,0,1,0,0,1,0
634,-8.986706554,10.64220766,-8.003283608,1,0,0,0,0,0,0,0,0,0,1,0
635,-3.566987628,4.947171074,6.979066951,1,0,0,0,0,0,0,0,0,0,1,0
636,-12.21853173,18.48899058,-4.878171759,1,0,0,0,0,0,0,0,0,0,1,0
637,10.42473799,5.46315154,17.50656393,1,0,0,1,0,0,1,1,1,1,1,1
638,0.462149053,13.96623385,-8.09646333,1,0,0,0,1,0,0,1,0,0,1,0
639,-10.77282956,-0.639280069,-5.018801652,1,0,0,0,0,0,0,1,0,0,1,0
640,-11.42532829,28.30947969,-2.960900535,1,0,0,0,0,0,0,1,0,0,1,0
641,2.342164504,-0.440832813,7.387595436,1,0,0,0,1,0,0,1,0,0,1,0
642,5.369660395,-10.72658456,-5.423133214,1,0,0,0,1,0,0,1,0,0,1,0
643,-6.924361792,11.73679809,-12.1103998,1,0,0,0,1,0,0,1,0,0,1,0
644,0.157137745,20.14469517,15.39191649,1,1,0,1,0,0,1,1,0,1,1,0
645,6.504505293,-23.56572226,-2.131233009,1,0,0,0,1,0,0,1,0,0,1,0
646,3.441561889,-5.9487085,-3.01063899,1,0,0,0,0,0,0,0,0,0,1,0
647,-9.30972703,34.59551033,1.961423556,1,0,0,0,0,0,0,0,0,0,1,0
648,14.50683823,0.343021992,20.63195589,1,0,0,1,0,0,1,0,1,1,1,0
649,-11.1462701,-7.474000073,-8.986439589,1,0,0,0,0,0,0,0,0,0,1,0
650,-4.626536351,23.9552462,1.073195869,1,0,0,0,1,0,0,1,0,0,1,0
651,5.410947731,-5.8806464,-3.407933253,1,0,0,0,1,0,0,1,0,0,1,0
652,-3.499130148,21.77318105,2.520862789,1,0,0,0,1,0,1,1,0,0,1,0
653,-6.733451391,-8.090338961,-6.999039949,1,0,0,0,0,0,0,1,0,0,1,0
654,-7.901624434,11.42310436,-10.98984539,1,0,0,0,0,0,0,1,0,0,1,0
655,0.505243354,0.197617518,14.96573186,1,0,0,1,0,0,1,0,0,1,1,0
656,-16.14438314,0.741401784,-10.74434148,1,0,0,0,1,0,0,1,0,0,1,0
657,2.56552949,-35.17604622,1.625430952,1,0,0,1,1,0,1,1,0,1,1,0
658,0.344682861,-28.88456025,-1.252770347,1,0,0,1,1,0,1,1,0,1,1,0
659,8.992539613,4.692090372,16.68214114,1,0,0,1,0,0,1,1,0,1,1,0
660,7.622148589,-17.82716272,1.524965613,1,0,0,0,0,0,0,1,0,0,1,0
661,-0.092533332,-2.332200978,-2.04653491,1,0,0,0,1,0,0,1,0,0,1,0
662,-10.01992658,11.71022063,-7.900399912,1,0,0,0,0,0,0,0,0,0,1,0
663,-2.281799169,-2.837434363,2.196856337,1,0,0,0,0,0,0,1,0,0,1,0
664,16.43550753,-3.224396741,10.60230426,1,0,0,1,1,0,1,1,0,1,1,0
665,4.211756277,7.013672812,3.311161122,1,0,0,0,0,0,0,1,0,0,1,0
666,-11.94156928,21.98318972,-0.562524618,1,0,0,0,0,0,0,0,0,0,1,0
667,-6.89278748,-12.45785457,-1.240400653,1,0,0,0,0,0,0,1,0,0,1,0
668,-8.61279438,-2.968602253,-0.380144319,1,0,0,0,0,0,0,0,0,0,1,0
669,-6.77109777,-28.56030539,-11.62757224,1,0,0,1,0,0,1,1,0,0,1,0
670,7.861043306,-36.67004413,-5.361118062,1,0,0,0,0,0,0,1,0,0,1,0
671,6.302898768,-5.265371567,4.533810981,1,0,0,0,0,0,0,1,0,0,1,0
672,-0.524678385,15.26624259,17.40300835,1,0,0,0,0,0,0,1,0,0,0,0
673,-10.12657169,20.17341045,-2.390579545,1,0,0,0,0,0,0,0,0,0,1,0
674,-13.09292647,-4.523978229,-6.64685972,1,0,0,0,0,0,0,0,0,0,1,0
675,-2.398152373,7.012648944,-6.673616387,1,0,0,0,0,0,0,0,0,0,1,0
676,7.512063975,4.088815564,17.33666179,1,0,0,0,0,0,1,0,0,0,1,0
677,6.776950953,-5.849548462,4.245141799,1,0,0,0,0,0,0,1,0,0,0,0
678,16.97365015,-9.988312325,9.217306533,1,0,0,0,1,1,0,1,1,0,1,0
679,-0.621552502,-8.275202178,-5.434327612,1,0,0,0,0,0,0,1,0,0,1,0
680,-9.939673276,15.34182465,-8.48357921,1,0,0,0,1,0,0,1,0,0,1,0
681,12.73913764,-8.564348548,-0.045010149,1,0,0,0,1,0,0,1,0,0,0,0
682,-5.636696467,-12.39051464,0.690622967,1,0,0,0,0,0,0,1,0,0,1,0
683,-6.42278775,37.27443497,6.904270987,1,0,0,1,1,0,1,1,1,0,0,0
684,3.482068372,16.84983897,11.18528673,1,0,0,1,0,0,1,0,0,0,1,0
685,5.073488963,-5.216035265,6.580965421,1,0,0,0,0,0,0,1,0,0,1,0
686,7.648961916,-21.76472222,-3.741282674,1,0,0,0,1,0,0,1,0,0,1,0
687,7.660948879,-38.41263332,-4.25144305,1,0,0,0,1,0,0,1,0,0,1,0
688,-3.501009132,24.60558274,1.999959585,1,0,0,1,1,0,1,1,0,0,1,0
689,-7.218919913,4.344217446,6.385699671,1,0,0,0,0,0,0,0,0,0,1,0
690,-2.413532451,-25.33665257,-10.01188422,1,0,0,0,0,0,0,0,0,0,1,0
691,8.735378133,-26.84131281,-0.955149934,1,0,0,0,1,0,0,1,0,0,1,0
692,12.23903728,-19.14203737,-6.093907144,1,0,0,0,1,0,0,1,0,0,1,0
693,2.447252377,2.589394903,16.722621,1,1,0,1,0,0,1,0,0,1,1,0
694,-9.083498849,-12.79442864,-3.710618236,1,0,0,0,1,0,0,1,0,0,1,0
695,-8.79833725,35.61548888,-2.272473616,1,0,0,0,0,0,0,0,0,0,1,0
696,6.825956758,-39.76103776,-5.938062533,1,0,0,0,1,0,0,1,0,0,1,0
697,8.120423306,-20.20194831,3.348017259,1,0,0,0,0,0,0,1,0,0,1,0
698,-6.600967018,33.24378743,1.200996873,1,0,0,0,0,0,0,0,0,0,0,0
699,7.104981853,-19.02317908,1.320146284,1,0,0,0,0,0,0,1,0,0,1,0
700,15.37189557,-1.365684976,21.95179935,1,1,0,1,0,0,1,0,0,1,1,0
701,-10.54266405,20.46363783,0.611028088,1,0,0,0,0,0,0,0,0,0,1,0
702,-5.928702642,31.19936976,-3.249822671,1,0,0,1,1,0,0,1,0,0,1,0
703,4.393048491,-33.82191615,2.44679658,1,1,0,1,1,0,1,1,0,1,1,0
704,-1.253703689,29.66175586,-5.964902932,1,0,0,0,1,0,0,1,0,0,0,0
705,-10.86457929,33.76166974,-0.264683151,1,0,0,0,0,0,0,0,0,0,1,0
706,-12.68204528,30.60629708,-0.907787433,1,0,0,0,0,0,0,1,0,0,1,0
707,-7.147156687,-28.21477788,-7.715796731,1,1,0,1,0,0,1,1,0,1,1,0
708,-14.44354193,16.73024279,-7.860019173,1,0,1,1,1,0,0,1,0,0,1,0
709,-10.63997286,39.01038579,0.500217575,1,0,0,0,0,0,0,0,0,0,0,0
710,-1.625890402,21.33879098,14.54378135,1,0,0,1,1,0,1,1,0,1,1,0
711,9.285056771,7.469809731,17.20578241,1,0,1,1,0,1,1,1,1,1,1,1
712,7.405646565,-31.00168564,-3.105441312,1,0,0,0,1,0,0,1,0,0,1,0
713,11.63069641,2.91150338,10.50849256,1,0,0,0,0,0,0,0,0,0,1,0
714,8.153885671,-7.389943781,-3.08285315,1,0,0,0,1,0,0,1,0,0,1,0
715,1.060326946,13.74920582,3.464349886,1,0,0,0,0,0,0,0,0,0,0,0
716,-11.65686019,-9.530084967,-13.52235061,1,0,0,0,0,0,0,0,0,0,1,0
717,-10.38973411,-7.551142855,-6.5492292,1,0,0,0,0,0,0,0,0,0,1,0
718,7.236127584,-20.56843656,1.039859556,1,0,0,0,1,0,0,1,0,0,1,0
719,5.193808717,-30.86529398,1.660045649,1,0,0,1,1,0,0,1,0,0,1,0
720,9.911712662,4.136138053,17.45676436,1,0,0,1,1,0,1,1,0,1,1,1
721,-6.064070385,17.42522936,-1.841803249,1,0,0,0,0,0,0,0,0,0,1,0
722,-9.095946644,37.07089832,-0.715544204,1,0,0,0,0,0,0,0,0,0,1,0
723,-1.448820704,18.96992975,8.312081786,1,0,0,1,0,0,0,0,0,1,1,0
724,-0.338557804,-12.1935868,-13.78201135,1,0,0,0,1,0,0,0,0,0,1,0
725,-12.7377038,28.67385323,-2.878480522,1,1,0,1,0,0,0,1,0,0,1,0
726,-7.532275054,-11.2552299,-10.71756497,1,0,0,0,1,0,0,0,0,0,1,0
727,0.568228217,-10.79624628,-6.639657419,1,0,0,0,1,0,0,1,0,0,1,0
728,6.756452122,-33.22861621,-6.330465544,1,0,0,0,1,0,0,1,0,0,1,0
729,12.94980795,-7.323787967,0.462680642,1,0,0,0,0,0,0,1,0,0,0,0
730,-3.149325526,34.67203945,-3.667323222,1,0,0,0,1,0,0,1,0,0,0,0
731,8.801006926,4.16530043,21.65446533,1,1,0,1,0,0,1,1,0,1,0,0
732,8.933035258,-37.71700507,-1.994021373,1,0,0,0,1,0,0,1,0,0,1,0
733,0.237084903,15.75696483,9.867353617,1,0,0,1,1,0,1,1,0,1,1,0
734,5.222495071,-4.151144438,7.648033438,1,0,0,1,0,0,0,1,0,0,1,0
735,16.87915928,-2.216250507,21.3631495,1,0,0,1,1,0,1,1,0,1,1,1
736,9.014823777,-20.08323052,3.431789732,1,0,0,0,0,0,0,1,0,0,1,0
737,7.500676266,-15.46235581,-14.05736955,1,0,0,1,1,0,0,0,0,0,1,0
738,-2.620190063,15.56607198,-9.900474898,1,0,0,0,1,0,0,1,0,0,1,0
739,-5.222929617,-29.67993612,-13.62757233,1,0,0,0,0,0,0,0,0,0,1,0
740,-1.379537464,-9.228314613,-2.787034352,1,0,0,0,0,0,0,1,0,0,1,0
741,-6.726094454,6.567638025,6.845775292,1,0,0,0,0,0,0,0,0,0,1,0
742,-12.4709848,-1.869676356,-5.172407006,1,0,0,0,0,0,0,0,0,0,1,0
743,-1.814624058,4.220789449,-6.841368852,1,0,0,1,1,0,0,1,0,0,1,0
744,1.916076688,-17.09331508,-5.654721384,1,0,0,0,1,0,0,1,0,0,1,0
745,-3.373400709,16.18548417,-9.259873044,1,0,0,0,1,0,0,1,0,0,1,0
746,-8.057365418,35.88866441,6.580372781,1,0,0,0,0,0,1,1,0,1,1,0
747,16.84789426,-9.963054235,8.771357488,1,0,0,0,1,0,0,1,0,0,1,0
748,-9.175983639,17.32703996,-1.432615635,1,0,0,1,1,0,1,1,0,0,1,0
749,11.72421656,3.207825513,10.65712793,1,0,0,0,0,0,0,0,0,0,1,0
750,-3.766901138,-0.892046558,1.874650419,1,0,0,0,0,0,0,1,0,0,1,0
751,7.842325526,-5.863667571,-5.299163942,1,0,0,0,1,0,0,1,0,0,1,0
752,-0.383382644,-9.277746127,-6.378829569,1,0,0,0,1,0,0,1,0,0,1,0
753,2.886802883,-6.824866914,-0.310793356,1,0,0,0,0,0,0,1,0,0,1,0
754,7.38335018,-19.7589348,1.85957094,1,0,0,0,1,0,0,1,0,0,1,0
755,-7.748355627,11.94135466,-10.96021914,1,0,0,0,0,0,0,1,0,0,1,0
756,-11.3501873,29.45078098,-1.806591337,1,0,0,1,0,0,0,1,0,0,1,0
757,-9.299798283,12.80201612,-9.746853065,1,0,0,0,1,0,0,1,0,0,1,0
758,5.030516932,16.29641563,-7.150819868,1,0,0,0,1,0,0,0,0,0,0,0
759,13.20457566,1.006389508,9.020965833,1,0,0,0,0,0,0,0,0,0,0,0
760,-12.02981027,-2.819187528,-3.983778741,1,0,0,0,0,0,0,0,0,0,1,0
761,6.630309164,-22.27743678,-4.088967297,1,0,0,0,1,0,0,1,0,0,1,0
762,-8.278495273,-4.45967369,2.635451376,1,0,0,0,0,0,0,0,0,0,1,0
763,-2.668324738,30.5369524,-3.278681899,1,0,0,0,0,0,0,1,0,0,0,0
764,-4.54038609,34.38871225,-1.851984329,1,0,0,0,0,0,0,1,0,0,1,0
765,1.026058821,21.47447291,14.04874972,1,0,0,1,0,0,1,1,0,1,1,0
766,4.780852635,-30.07122495,-9.430517923,1,0,0,0,0,0,0,1,0,0,1,0
767,4.886127969,1.513119503,16.38978917,1,1,0,1,1,1,1,1,1,1,1,0
768,7.349340736,-34.92613287,2.627257628,1,0,0,1,0,0,0,1,1,1,1,0
769,15.05039688,-4.008532916,15.7685597,1,0,0,1,0,0,1,1,0,1,1,0
770,6.976259493,-18.35872183,1.78917018,1,0,0,0,0,0,0,1,0,0,1,0
771,-6.808717299,35.66725197,7.142534008,1,1,0,1,0,0,1,1,0,1,1,0
772,5.611133851,-39.28503164,-7.021232319,1,0,0,0,1,0,0,1,0,0,1,0
773,4.532784759,-39.25372739,-5.185306813,1,0,0,0,1,0,0,1,0,0,1,0
774,5.873117218,-3.459653063,7.143603407,1,0,0,0,0,0,0,1,0,0,0,0
775,-11.22700645,34.12480776,0.428020122,1,0,0,0,0,0,1,0,0,0,1,0
776,-0.769206525,20.06406335,6.79341738,1,0,0,1,0,0,0,0,0,0,0,0
777,2.756284691,-16.69049695,-6.486740382,1,0,0,0,0,0,0,0,0,0,1,0
778,13.45620264,-11.49708623,-1.076546612,1,0,0,0,1,0,0,1,0,0,0,0
779,8.598952924,-9.278881966,-12.03617442,1,0,0,0,1,0,0,1,0,0,1,0
780,10.42302598,-10.37919751,-0.50830761,1,0,0,0,1,0,0,1,0,0,1,0
781,16.9670334,-1.710491904,22.49518238,1,0,0,1,1,1,1,1,1,1,1,1
782,8.560623497,-33.44708472,-3.034977928,1,0,0,0,1,0,0,1,0,0,1,0
783,0.252233569,-19.38778833,0.50289962,1,0,0,0,0,0,0,1,0,0,1,0
784,-1.211634979,-21.56597796,-14.97582907,1,0,0,0,1,0,0,0,0,0,1,0
785,7.133451079,-5.057307564,-4.410769707,1,0,0,0,1,0,0,1,0,0,1,0
786,-11.90562,5.795400728,-2.727805936,1,0,0,0,0,0,0,0,0,0,1,0
787,-1.906631361,18.36127148,14.39741114,1,0,0,0,0,0,0,1,0,0,0,0
788,-12.58739429,18.07860605,-3.974888906,1,0,0,0,0,0,0,0,0,0,1,0
789,7.756205074,-8.576624474,-0.963036856,1,0,0,0,1,0,0,1,0,0,1,0
790,6.254792463,-11.86553414,-5.9715435,1,0,0,0,1,0,0,1,0,0,1,0
791,1.015186883,17.80887722,9.778640522,1,1,0,1,1,0,1,1,0,1,1,0
792,14.77490699,-0.374821256,14.15578167,1,0,0,1,1,0,0,1,0,0,0,0
793,-14.39875605,-4.504716972,-11.88240383,1,0,0,0,0,0,0,1,0,0,1,0
794,6.822239699,-31.02690474,-2.004589783,1,0,0,0,1,0,0,1,0,0,1,0
795,-2.703568992,-2.350933654,1.824794432,1,0,0,0,0,0,0,1,0,0,1,0
796,-2.318257246,-25.65963995,-5.192606405,1,1,0,1,1,0,0,1,1,0,1,0
797,10.25946798,-12.3977533,0.279921271,1,0,0,0,1,0,0,1,0,0,1,0
798,8.78912005,-7.162361791,19.53138411,1,0,0,0,0,1,1,1,0,1,1,0
799,-9.517789633,16.34521098,1.218851201,1,0,0,0,0,0,0,0,0,0,1,0
800,9.066831448,-20.53822346,4.087915484,1,0,0,0,0,0,0,1,0,0,1,0
801,-11.59883841,18.04393166,-5.319045322,1,0,0,0,0,0,0,0,0,0,1,0
802,12.63719856,4.965497856,11.51311572,1,0,0,0,0,0,0,0,1,1,0,0
803,5.83054881,-27.16148477,-7.801923197,1,0,0,0,1,0,0,1,0,0,1,0
804,5.098722974,-32.62519503,0.465957438,1,0,0,1,1,0,0,1,0,0,1,0
805,11.93002138,3.949939975,18.79195475,1,0,0,1,0,0,1,1,0,1,1,0
806,5.037862811,16.56093409,12.97308214,1,0,0,1,0,0,1,0,0,1,1,0
807,-0.359879785,-17.34613094,0.309675994,1,0,0,0,0,0,0,1,0,0,1,0
808,4.558250679,-27.71303758,-5.170049867,1,0,0,0,1,0,0,1,0,0,1,0
809,-11.99202524,-1.624523202,-6.639314391,1,0,0,0,0,0,0,0,0,0,1,0
810,0.922541828,20.75752553,15.88929216,1,0,0,1,0,1,1,1,0,1,1,0
811,0.357401384,25.58467108,-4.180672679,1,0,0,0,0,0,0,0,0,0,0,0
812,-2.202823779,9.978975283,7.819648947,1,0,0,0,0,0,0,0,0,0,1,0
813,-8.16680023,-10.46892459,-15.06425444,1,0,0,0,1,0,0,0,0,0,1,0
814,3.858422729,-31.6847968,0.72968767,1,0,0,1,1,0,0,1,0,0,1,0
815,6.565119333,-39.84721058,-5.099089788,1,0,0,0,1,0,0,1,0,0,1,0
816,9.67790978,-20.52134898,-5.531926709,1,0,0,0,1,0,0,1,0,0,1,0
817,8.78704945,-5.863974344,-3.158121478,1,0,0,0,1,0,0,1,0,0,0,0
818,7.942291871,-8.70783038,-3.171539537,1,0,0,0,1,0,0,1,0,0,1,0
819,7.257152766,-34.33489998,-6.19669946,1,0,0,0,1,0,0,1,0,0,1,0
820,4.462070488,18.42242316,-7.753541652,1,0,0,0,1,0,0,0,0,0,0,0
821,0.235285809,9.006205999,0.302553828,1,0,0,0,0,0,0,0,0,0,1,0
822,5.132363058,-0.202532559,16.47940146,1,1,0,1,0,0,1,1,0,0,1,0
823,-6.518585033,38.54695992,-1.487238778,1,0,0,1,1,0,0,1,0,1,0,0
824,4.484303853,-32.62056158,-12.47938006,1,0,0,0,0,0,0,1,0,0,1,0
825,3.157951308,-34.51878939,-4.80611311,1,0,0,0,0,0,0,1,0,0,1,0
826,-11.70207767,6.590174947,-2.14346674,1,0,0,0,1,0,0,0,0,0,1,0
827,-1.531768105,-32.38524534,-3.276448705,1,0,0,0,0,0,0,0,1,0,1,0
828,-5.488582238,-10.38507282,-3.299544417,1,0,0,0,0,0,0,1,0,0,1,0
829,0.971439394,-9.781903699,-4.366431937,1,0,0,0,0,0,0,1,0,0,1,0
830,8.105596814,8.248295096,6.583472429,1,0,0,0,0,0,0,1,0,0,0,0
831,0.49966948,-32.57676354,-11.61374014,1,0,0,0,1,0,0,1,0,0,1,0
832,4.640001583,-31.96370397,0.97392345,1,0,0,0,1,0,0,1,0,0,1,0
833,1.573872091,-2.843416072,0.364794392,1,0,0,0,0,0,0,1,0,0,1,0
834,0.14485101,14.10360306,-2.466456253,1,0,0,0,1,0,0,1,0,0,1,0
835,5.658988207,-10.62361306,-1.306977808,1,0,0,0,0,0,1,1,0,0,1,0
836,0.539644778,-20.47915707,1.713453321,1,0,0,0,0,0,0,1,0,0,1,0
837,9.905766366,-21.73668284,-3.912193489,1,0,0,0,1,0,0,1,0,0,1,0
838,6.186559806,-32.76297891,-1.805392601,1,0,0,0,1,0,0,1,0,0,1,0
839,0.827968366,10.51616815,-6.469737729,1,0,0,0,0,0,0,0,0,0,1,0
840,4.229381652,-3.651253047,-1.115745738,1,0,0,0,0,0,0,1,0,0,1,0
841,-0.66069847,-2.280238944,0.965906854,1,0,0,0,0,0,0,1,0,0,1,0
842,5.746468163,-12.07657277,4.694436775,1,0,0,0,0,0,0,1,0,0,1,0
843,0.56831348,-1.901786455,-0.293813774,1,0,0,0,0,0,0,1,0,0,0,0
844,-4.417793091,-12.9773752,-7.808309162,1,0,0,0,1,0,0,1,0,0,1,0
845,6.645554167,-21.99758612,-2.214212484,1,0,0,0,1,0,0,1,0,0,1,0
846,-10.50780325,1.646547578,-6.229101551,1,0,0,0,1,0,0,0,0,0,1,0
847,4.305551006,-7.564349834,-8.930694605,1,0,0,0,1,0,0,0,0,0,1,0
848,-8.28859988,-4.744146869,2.450290798,1,0,0,0,0,0,0,1,0,0,1,0
849,4.997396914,-31.37590525,-12.57393716,1,0,0,0,1,0,0,1,0,0,1,0
850,7.795103783,15.05882675,17.9505891,1,0,1,1,1,1,1,0,1,1,0,1
851,-3.350536909,-32.64457973,-15.26511664,1,0,0,0,0,0,0,0,0,0,1,0
852,-0.043425682,-9.755740061,-6.283579704,1,0,0,0,0,0,0,1,0,0,1,0
853,13.15898491,2.424411563,7.921568319,1,0,0,1,1,0,1,1,0,1,1,0
854,5.589806207,17.24004476,-2.93806733,1,0,0,1,1,0,0,0,0,0,0,0
855,3.751232324,-12.03539872,-12.88368313,1,0,0,0,1,0,0,0,0,0,1,0
856,13.21964551,1.051419736,6.850446505,1,0,0,0,1,0,1,1,0,0,1,0
857,-10.24055389,-6.966023328,-2.773579831,1,0,0,0,0,0,0,0,0,0,1,0
858,4.208620868,17.02034512,14.7718402,1,0,0,1,1,0,1,0,0,1,1,0
859,-8.912028226,14.17092401,-9.288207604,1,0,0,0,1,0,0,1,0,0,1,0
860,-7.129082232,-28.16720434,-7.991000296,1,0,0,1,0,0,0,0,0,1,1,0
861,-1.391598697,-6.052759646,2.195520299,1,0,0,0,0,0,0,1,0,0,1,0
862,6.563076744,-11.23967985,-7.83350513,1,0,0,1,1,0,0,1,0,0,1,0
863,4.731953825,12.72294833,-1.221748677,1,0,0,0,0,0,0,1,0,0,1,0
864,4.227624696,18.73342873,-2.419816743,1,0,0,0,1,0,0,0,0,0,0,0
865,4.744253625,15.85353729,-7.396081955,1,0,0,0,1,0,0,0,0,0,0,0
866,6.381557271,-5.502103853,18.35469557,1,0,0,0,0,1,0,0,1,0,1,0
867,5.820499033,-13.83049014,-14.59595728,1,0,0,1,1,0,0,1,0,0,1,0
868,-2.393845052,-25.15616003,-10.87623763,1,0,0,0,1,0,0,1,0,0,1,0
869,4.742474298,0.570315872,15.79049186,1,0,0,1,0,0,1,1,0,1,1,0
870,-9.511374049,-0.654945689,-5.687352581,1,0,0,0,0,0,0,0,0,0,1,0
871,11.41424416,-21.50045932,-2.860381262,1,0,0,0,1,0,0,1,0,0,1,0
872,16.9562122,-3.254912611,17.74287938,1,0,0,1,1,0,1,1,0,1,1,0
873,-3.441773701,-11.2617055,-6.664186283,1,0,0,0,1,0,0,1,0,0,1,0
874,-1.381417201,-29.30972373,-5.837912236,1,0,0,0,0,0,0,1,0,0,1,0
875,0.656626359,15.21461617,-2.401857973,1,0,0,1,0,0,0,1,0,0,0,0
876,10.83770485,-12.07729786,-12.45723538,1,0,0,1,1,0,0,1,0,0,1,0
877,-1.27830726,22.0596066,14.28466429,1,0,0,1,1,0,1,1,0,1,0,0
878,0.467936618,-3.761797002,-2.37457734,1,0,0,0,0,0,0,1,0,0,1,0
879,3.804414406,-3.158712922,1.110475757,1,0,0,0,0,0,0,1,0,0,0,0
880,6.863683301,-13.37193925,1.891870915,1,0,0,0,1,0,0,1,0,0,1,0
881,-6.724765093,30.31128208,-2.030586852,1,0,0,1,1,0,1,1,1,0,1,0
882,-1.117377222,-6.307968676,3.559061963,1,0,0,1,0,0,0,1,0,0,1,0
883,8.517520753,5.324714195,16.61632917,1,0,0,1,1,1,1,1,1,1,1,1
884,5.444751685,-19.84388045,1.205626765,1,0,0,0,0,0,0,1,0,0,1,0
885,-0.851009991,-21.31704842,-14.42852914,1,0,0,0,1,0,0,0,0,0,1,0
886,11.90131607,-21.01902656,-6.063271452,1,0,0,0,1,0,0,1,0,0,1,0
887,5.679929978,-26.62541631,-6.850676363,1,0,0,0,1,0,0,1,0,0,1,0
888,6.601609922,-2.709042732,6.720563891,1,0,0,0,0,0,0,1,0,0,0,0
889,9.036517053,-9.050212987,-2.293365962,1,0,0,0,1,0,0,1,0,0,1,0
890,8.604483934,-17.68839272,2.554433216,1,0,0,0,0,0,0,1,0,0,1,0
891,-6.837562538,35.04614981,6.647119837,1,0,0,1,0,0,1,1,0,1,1,0
892,15.54742135,-3.286443604,8.525114677,1,0,0,0,1,0,1,1,0,0,1,0
893,-0.168899443,16.29548613,16.02361185,1,0,0,1,1,0,1,1,0,1,1,0
894,2.958392403,3.870774103,13.30815138,1,0,0,1,1,0,1,1,0,1,1,0
895,13.09647591,2.03233824,6.67884136,1,0,0,1,1,0,1,1,0,0,1,0
896,-0.404226298,-9.957365088,-5.770295496,1,0,0,0,0,0,0,1,0,0,1,0
897,3.095651328,-31.88223393,1.477192721,1,0,0,1,1,0,0,1,0,1,1,0
898,2.958231023,13.33079456,-8.414286452,1,0,0,0,1,0,0,1,0,0,1,0
899,0.647094361,-32.10975221,-10.65062446,1,0,0,0,1,0,0,0,0,0,1,0
900,12.10881442,1.737676842,16.49271565,1,0,0,1,1,0,1,0,0,1,1,0
901,-4.080831819,-0.780638955,1.375942799,1,0,0,0,0,0,0,1,0,0,1,0
902,2.901426184,11.51797638,12.13037359,1,0,0,1,0,0,1,1,1,1,1,1
903,15.66306122,-0.307099072,22.18817025,1,1,0,1,0,0,1,1,0,1,1,0
904,-5.226957942,12.19506526,-11.30218122,1,0,0,0,1,0,0,1,0,0,1,0
905,-7.476089971,-11.87434952,-5.72995321,1,0,0,0,0,0,0,1,0,0,1,0
906,-3.864309271,16.39731742,-9.597451921,1,0,0,0,1,0,0,1,0,0,1,0
907,15.5201521,-1.915569321,10.57271226,1,0,0,1,1,0,1,1,0,0,1,0
908,-1.591711674,-0.325467024,-3.708312008,1,0,0,0,1,0,0,1,0,0,1,0
909,-13.86370242,-7.939072657,-11.14141815,1,0,0,0,0,0,0,0,0,0,1,0
910,9.717699395,-21.47744917,-4.511927903,1,0,0,0,1,0,0,1,0,0,1,0
911,-2.643083574,-32.19556839,-3.978974433,1,0,0,1,1,0,1,1,0,0,1,0
912,-0.414503284,19.28558456,8.113960609,1,0,0,1,1,0,1,1,0,1,1,0
913,3.541433306,-25.64728852,-4.499730009,1,0,0,0,1,0,0,1,0,0,1,0
914,-4.30897261,-0.4303198,-4.845003236,1,0,0,0,1,0,0,1,0,0,1,0
915,7.457346593,-13.43354002,1.546510466,1,0,0,0,1,0,0,1,0,0,1,0
916,-13.2654477,17.76327497,-8.508757432,1,0,0,0,0,0,0,1,0,0,1,0
917,12.49329032,-2.203398264,18.27422136,1,0,0,1,1,0,1,1,0,0,1,0
918,6.953254766,-37.34185283,-7.609496764,1,0,0,0,0,0,0,1,0,0,1,0
919,6.641650338,-29.45078954,-6.790732792,1,0,0,0,1,0,0,1,0,0,1,0
920,11.64009325,-20.62003588,-5.709363143,1,0,0,0,1,0,0,1,0,0,1,0
921,-4.913430284,29.87269544,-5.418770246,1,0,0,0,1,0,0,1,0,0,1,0
922,-3.854874525,-25.204127,-5.539332798,1,0,0,0,1,0,0,0,0,1,1,0
923,16.06251567,-9.507574211,11.53306987,1,0,0,0,1,0,1,1,0,0,1,0
924,-9.724738868,14.42726384,-6.597904719,1,0,0,0,1,0,0,0,0,0,1,0
925,-1.087817426,-20.04911158,-14.67180745,1,0,0,0,1,0,0,0,0,0,1,0
926,10.96421161,-19.03583496,6.263725268,1,1,0,1,0,0,1,1,0,1,0,0
927,-13.79104423,16.33365732,-8.708689537,1,0,0,0,0,0,0,1,0,0,1,0
928,-2.044408715,30.19987873,-5.317141961,1,0,0,0,1,0,0,1,0,0,0,0
929,-6.906490739,-12.0708173,-7.634628765,1,0,0,0,1,0,0,1,0,0,1,0
930,8.123093308,1.916004488,15.15000801,1,0,0,1,0,0,1,1,0,1,1,0
931,13.37905204,-6.676054562,1.174403598,1,0,0,1,0,1,0,1,0,0,0,0
932,0.684830978,-29.35461211,-0.894734571,1,0,0,1,1,0,0,1,0,0,1,0
933,6.523106207,-13.69142336,2.249528643,1,0,0,0,0,0,0,1,0,0,1,0
934,6.748577876,-27.5939771,-5.687588441,1,0,0,0,1,0,0,1,0,0,1,0
935,-10.32544481,38.17828938,-0.089617631,1,0,0,0,0,0,0,0,0,0,0,0
936,-6.989431341,-11.41580869,-0.802001229,1,0,0,0,0,0,0,1,0,0,1,0
937,-0.008870232,20.74225715,15.00788916,1,0,0,1,0,0,1,1,0,1,1,0
938,-3.371139627,-28.21304947,-6.243383331,1,0,0,1,0,0,0,1,0,0,1,0
939,7.467626596,-28.45729512,-5.78185615,1,0,0,0,1,0,0,1,0,0,1,0
940,2.792133384,-3.243059115,10.04191723,1,0,0,0,0,0,0,1,0,1,1,0
941,14.28357194,1.947232666,14.87502184,1,0,0,0,1,1,1,1,0,1,1,0
942,-2.116616211,-32.98445239,-4.419184072,1,0,0,0,1,0,0,0,0,0,1,0
943,-6.677431799,23.23041896,1.92766429,1,0,0,0,0,0,0,0,0,0,1,0
944,8.391045309,-35.60338031,-2.138986573,1,0,0,0,0,0,0,1,0,0,1,0
945,0.30827611,-16.81037384,-2.433767895,1,0,0,0,0,0,0,1,0,0,1,0
946,5.475897224,-10.77562646,-8.969974515,1,0,0,0,1,0,0,0,0,0,1,0
947,6.479770274,-11.3204663,-3.996712604,1,0,0,0,1,0,0,1,0,0,1,0
948,8.451821476,-6.870215655,19.22517131,1,0,0,1,0,0,1,1,1,0,1,0
949,6.165985466,-10.84953198,-4.392489469,1,0,0,0,1,0,0,1,0,0,1,0
950,-10.22304837,28.46156877,-1.033617539,1,0,0,0,1,0,0,0,0,0,1,0
951,4.562276406,-14.06094593,-11.76982644,1,0,0,0,1,0,0,0,0,0,1,0
952,16.09508148,-2.273163995,23.07064969,1,0,1,1,0,1,1,1,1,1,1,0
953,16.30576525,-0.503337904,17.00354626,1,0,0,1,1,0,1,1,1,1,1,0
954,-6.63410792,11.83604737,3.679780675,1,0,0,0,0,0,0,0,0,0,1,0
955,-15.8964144,-3.414054435,-10.28554991,1,0,0,0,0,0,0,0,0,0,1,0
956,10.16311258,-14.78874377,2.500272379,1,0,0,0,1,0,0,1,0,0,0,0
957,1.958887498,-6.282680514,-1.209090641,1,0,0,0,0,0,0,1,0,0,1,0
958,7.247133974,10.16883489,-3.16267727,1,0,0,1,1,0,1,1,0,0,1,0
959,5.574222536,-12.24699877,2.9259062,1,0,0,0,0,0,0,1,0,0,1,0
960,-0.879377592,5.855516351,-8.195936555,1,0,0,0,1,0,0,0,0,0,1,0
961,-4.34064961,29.81609502,-5.911882409,1,0,0,0,1,0,0,1,0,0,1,0
962,1.564401725,-16.2544327,-4.799445951,1,0,0,0,0,0,0,1,0,0,1,0
963,5.466914408,-13.26727109,-11.2512596,1,0,0,0,1,0,0,0,0,0,1,0
964,5.863494735,-22.83835093,-3.810500983,1,0,0,0,1,0,0,1,0,0,1,0
965,10.91614884,-9.473117652,-12.84129878,1,0,0,0,1,0,0,0,0,0,1,0
966,-1.189945954,-8.320327043,-2.553443514,1,0,0,0,0,0,0,1,0,0,1,0
967,16.39765403,-2.162743645,9.857155762,1,0,0,1,1,0,1,1,0,1,0,0
968,1.500676617,19.41208734,17.49650585,1,1,0,1,0,0,1,1,0,1,1,0
969,17.20311888,-8.8043402,11.29946526,1,0,0,0,0,0,0,1,0,0,1,0
970,0.561654065,-10.4837728,-3.963816306,1,0,0,0,1,0,0,1,0,0,1,0
971,2.506564603,11.09247965,11.94091839,1,0,0,1,0,0,1,0,0,0,1,0
972,1.722251698,22.71357345,11.39480971,1,0,0,1,1,0,1,1,0,1,1,0
973,0.005814687,-27.99722063,-1.059348808,1,0,0,1,0,0,0,1,0,0,1,0
974,1.227651164,-19.42091187,-5.211810784,1,0,0,0,1,0,0,1,0,0,1,0
975,-1.227012834,-32.90284302,-12.86575441,1,0,0,0,0,0,0,0,0,0,1,0
976,16.51407545,-0.709280131,16.6744361,1,0,0,1,1,0,1,1,1,1,1,1
977,-0.690951738,-6.419524245,-2.097500943,1,0,0,0,0,0,0,1,0,0,1,0
978,-6.223423738,37.67862493,-2.043563356,1,0,0,0,0,0,0,1,0,0,0,0
979,4.731621449,-14.15353894,-12.64305609,1,0,0,0,1,0,0,0,0,0,1,0
980,7.478720201,-35.83845179,-5.402475747,1,0,0,0,0,0,0,1,0,0,1,0
981,-2.800430741,8.595905733,-7.749117638,1,0,0,0,1,0,0,0,0,0,1,0
982,-3.080074565,-32.62366249,-13.43314561,1,0,0,0,0,0,0,0,0,0,1,0
983,8.410274382,-27.75825032,-1.12501194,1,0,0,0,1,0,0,1,0,0,1,0
984,2.468916479,-35.04102842,2.00908014,1,0,0,1,1,0,1,1,1,1,1,0
985,12.32301767,-3.424721305,14.92765468,1,0,0,1,1,0,1,0,0,0,1,0
986,5.253936266,-25.40633772,-4.344802336,1,0,0,0,1,0,0,1,0,0,1,0
987,0.071133721,8.311262424,-9.004097761,1,0,0,0,1,0,0,0,0,0,1,0
988,5.86001193,-9.288835052,-9.620226914,1,0,0,0,1,0,0,0,0,0,1,0
989,-1.744631584,-26.29403368,-9.224591162,1,0,0,0,0,0,0,0,0,0,1,0
990,9.739190924,-20.04215814,4.555616029,1,0,0,0,0,0,0,1,0,0,1,0
991,4.579320906,-13.74970743,-12.29080688,1,0,0,0,1,0,0,0,0,0,1,0
992,3.045210452,23.09094969,2.789350855,1,0,0,0,0,0,0,1,0,0,1,0
993,-0.027598607,4.198956768,1.889304917,1,0,0,0,0,0,0,0,0,0,1,0
994,-4.943275415,-29.51470283,-5.497652603,1,0,0,1,0,0,1,1,0,1,1,0
995,-8.67878847,-9.682447129,-11.3433295,1,0,0,0,0,0,0,0,0,0,1,0
996,-11.11108972,-9.514602056,-13.0817109,1,0,0,0,0,0,0,0,0,0,1,0
997,-16.68616981,-1.074077656,-10.64174437,1,0,0,0,0,0,0,0,0,0,1,0
998,6.527260141,-21.90920156,0.149052456,1,0,0,0,1,0,0,1,0,0,1,0
999,-7.970135889,-11.98284723,-4.255024193,1,0,0,0,0,0,0,1,0,0,1,0
1000,-10.31014136,17.33466869,-2.497904488,1,0,0,0,0,0,0,0,0,0,1,0
1001,-0.848710782,26.89447864,12.76068974,1,0,0,1,0,0,1,0,0,1,1,0
1002,-6.822959862,29.32082514,5.771139077,1,0,0,0,0,0,0,0,0,0,1,0
1003,0.649822249,-31.97783597,-11.43701787,1,0,0,0,1,0,0,0,0,0,1,0
1004,3.216739243,3.396894408,12.69689259,1,0,0,1,1,0,1,1,0,1,1,0
1005,-1.253979592,11.45225635,-4.401064056,1,0,0,0,0,0,0,0,0,0,0,0
1006,6.634160015,-13.21945635,3.214885352,1,0,0,0,0,0,0,1,0,0,1,0
1007,-11.24847375,20.57393229,-1.150547152,1,0,0,0,0,0,0,0,0,0,1,0
1008,6.108090085,-10.62240061,-2.39592157,1,0,0,0,1,0,0,1,0,0,1,0
1009,5.677763814,-24.78420997,-2.407731848,1,0,0,0,1,0,0,1,0,0,1,0
1010,-11.06205051,15.2909711,-6.728086725,1,0,0,0,1,0,0,0,0,0,1,0
1011,14.648613,-0.756151648,9.175033618,1,0,0,0,1,0,1,0,0,0,0,0
1012,7.698843325,-5.368391192,-6.255427736,1,0,0,1,1,0,0,1,0,0,1,0
1013,-5.964130396,34.62084229,-0.657356496,1,0,0,1,0,0,0,1,0,0,1,0
1014,-1.265127125,-34.82271672,-12.9023932,1,0,0,0,0,0,0,0,0,0,1,0
1015,7.387781001,-12.36692963,4.203269911,1,0,0,0,0,0,0,1,0,0,0,0
1016,0.938593224,13.18553486,1.583660561,1,0,0,0,0,0,0,1,0,0,1,0
1017,-3.982702882,-28.22640033,-9.430449701,1,0,0,0,0,0,0,1,0,0,1,0
1018,-2.619209631,32.87541517,-2.202557548,1,0,0,0,0,0,0,1,0,0,1,0
1019,6.826288277,15.41848651,17.53077412,1,0,0,1,1,0,1,0,0,1,0,0
1020,14.45874855,-5.163420677,15.01480078,1,0,0,1,1,0,1,1,0,0,1,0
1021,-0.280202194,-5.587600189,1.118883258,1,0,0,0,0,0,0,1,0,0,1,0
1022,6.937386951,-25.84404914,-7.475162,1,0,0,0,1,0,0,1,0,0,1,0
1023,1.894984983,-35.64027594,-8.693600377,1,0,0,0,1,0,0,1,0,0,1,0
1024,4.841827286,-22.75119652,3.737897281,1,0,0,0,0,0,0,1,0,0,1,0
1025,-0.573181216,27.14070596,-1.715087724,1,0,0,0,0,0,0,1,0,0,1,0
1026,7.007892415,-1.920848619,7.91329764,1,0,0,1,0,0,1,1,0,1,1,0
1027,16.42657027,-3.673006933,18.52906163,1,1,0,1,1,0,1,1,0,1,1,0
1028,-6.764605689,12.07537784,-11.42923843,1,0,0,0,1,0,0,1,0,0,1,0
1029,6.582437458,-5.169173464,-2.48055789,1,0,0,0,0,0,0,1,0,0,0,0
1030,11.44185161,-9.086849877,-13.42212766,1,0,0,0,1,0,0,0,0,0,1,0
1031,-3.720032927,8.260867436,2.147399532,1,0,0,0,0,0,0,0,0,0,1,0
1032,4.415055401,-21.84676574,1.415844743,1,0,0,0,0,0,0,1,0,0,1,0
1033,1.222837551,-19.27396321,-5.590249192,1,0,0,0,1,0,0,1,0,0,1,0
1034,-2.992246292,13.19885088,4.941547914,1,0,0,1,1,0,1,1,0,0,1,0
1035,0.44399897,16.40453845,-2.705668193,1,0,0,0,0,0,0,0,0,0,0,0
1036,2.337155149,-20.0392112,2.995986572,1,0,0,0,0,0,0,1,0,0,1,0
1037,-4.515526041,34.66959793,-1.282734063,1,0,0,0,0,0,0,1,1,0,1,0
1038,5.537844457,-37.02446502,-2.683071419,1,0,0,1,0,0,1,1,0,0,1,0
1039,-8.019633977,36.35592071,0.606261978,1,0,0,1,0,0,0,1,0,0,1,0
1040,-2.60929918,33.10870711,-4.349139889,1,0,0,0,1,0,0,1,0,0,0,0
1041,16.5444771,0.006128175,9.628516407,1,0,0,0,1,0,0,0,0,0,0,0
1042,10.47129913,-19.22393034,4.425473001,1,0,0,0,1,0,0,1,0,0,1,0
1043,1.90550497,14.21912664,-7.231612366,1,0,0,0,0,0,0,1,0,0,0,0
1044,10.90971053,-9.886088538,-12.47808834,1,0,0,0,1,0,0,0,0,0,0,0
1045,-0.675112103,22.88751837,13.31852806,1,0,0,1,1,0,1,1,0,1,1,1
1046,14.3165029,1.593268437,19.61914544,1,1,0,1,0,0,1,1,1,1,0,1
1047,-3.158667332,-30.09811579,-10.70249614,1,0,0,0,0,0,0,0,0,0,1,0
1048,-0.676958251,-15.43155219,-1.617635261,1,0,0,0,0,0,0,1,0,0,1,0
1049,-1.293861379,-19.37256381,-1.376559734,1,0,0,0,0,0,0,1,0,0,1,0
1050,-10.67660987,26.2621871,-2.038288984,1,0,0,1,1,0,0,1,0,0,1,0
1051,-11.40768751,35.86077211,-0.920694075,1,0,0,0,0,0,0,0,0,0,1,0
1052,12.54852975,-11.3033883,-0.648048953,1,0,0,0,1,0,0,1,0,0,0,0
1053,-15.62154895,-0.856889452,-4.737567683,1,0,0,0,0,0,0,0,0,0,1,0
1054,-10.31932302,-8.766867734,-8.349229545,1,0,0,1,1,0,0,1,0,0,1,0
1055,-12.56368425,-1.324987238,-7.552137606,1,0,0,0,0,0,0,1,0,0,1,0
1056,11.19726442,-3.89575231,15.51707649,1,0,0,1,0,0,0,0,0,0,1,0
1057,12.81105884,-3.77998036,14.23192178,1,0,0,1,1,0,1,1,0,0,1,0
1058,0.578723058,-33.11500028,-10.76084782,1,0,0,0,0,0,0,1,0,0,1,0
1059,12.41923539,-11.29787638,-0.609471704,1,0,0,0,1,0,0,1,0,0,0,0
1060,4.981181149,-39.24605098,-6.522249983,1,0,0,0,1,0,0,1,0,0,1,0
1061,1.452191582,11.94036825,0.509283409,1,0,0,0,0,0,0,1,0,0,1,0
1062,-0.529692458,-18.5787113,-14.84226525,1,0,0,0,1,0,0,0,0,0,1,0
1063,16.01176255,-3.668534167,11.75314176,1,0,0,1,1,0,1,1,0,1,1,0
1064,9.793707898,-19.92658237,-6.056362752,1,0,0,0,1,0,0,1,0,0,1,0
1065,-12.08726308,17.26429954,-8.104351681,1,0,0,0,0,0,0,1,0,0,1,0
1066,7.125182538,-36.62295598,-7.149960485,1,0,0,0,0,0,0,1,0,0,1,0
1067,-12.02523231,-3.795033033,-5.317095298,1,0,0,0,0,0,0,0,0,0,1,0
1068,0.677939467,-16.51141088,-3.778478148,1,0,0,0,0,0,0,1,0,0,1,0
1069,7.749885137,-35.95937162,-2.959370441,1,0,0,0,1,0,0,1,0,0,1,0
1070,-2.208401985,4.244610478,-7.895783406,1,0,0,0,1,0,0,0,0,0,1,0
1071,12.29050928,-19.5113937,-4.906022381,1,0,0,0,1,0,0,1,0,0,1,0
1072,4.133802857,18.46690476,10.15880024,1,0,0,0,0,0,0,0,0,0,0,0
1073,11.7580576,0.577564851,17.0527255,1,0,0,1,0,0,1,0,0,1,1,0
1074,3.116377469,-29.96005388,1.114428901,1,0,0,0,1,0,0,1,0,0,1,0
1075,7.028173169,-10.32131114,-13.35641024,1,0,0,0,1,0,0,0,0,0,1,0
1076,17.57453481,-2.142466548,10.48607802,1,0,0,1,1,0,1,1,0,0,0,1
1077,6.663586249,-35.22727609,-9.938137345,1,0,0,0,0,0,0,1,0,0,1,0
1078,-4.180361273,-11.65437905,-3.441879303,1,0,0,0,0,0,0,1,0,0,1,0
1079,-10.87922415,-3.645386276,-11.31975961,1,0,0,0,0,0,0,0,0,0,1,0
1080,5.178916495,-32.34205937,-12.92076956,1,0,0,0,0,0,0,1,0,0,1,0
1081,16.18377455,-3.774977464,9.373707303,1,0,0,1,1,0,0,1,0,0,0,0
1082,10.34364846,-19.85710896,-6.560138746,1,0,0,0,1,0,0,1,0,0,1,0
1083,5.850506863,-32.97315278,-10.02614358,1,0,0,0,0,0,0,1,0,0,1,0
1084,-11.84121296,2.127244724,-7.041915948,1,0,0,0,1,0,0,1,0,0,1,0
1085,-5.181607226,-14.82406129,-9.460611621,1,0,0,0,1,0,0,1,0,0,1,0
1086,-4.076903772,0.955244472,2.663226619,1,0,0,0,0,0,0,1,0,0,1,0
1087,4.0136348,-22.0684461,2.794511404,1,0,0,0,0,0,0,1,0,0,1,0
1088,-4.768330671,-11.13392411,-16.0287633,1,0,0,0,1,0,0,0,0,0,1,0
1089,-9.896701918,-13.8739233,-5.391369573,1,0,0,0,1,0,0,1,0,0,1,0
1090,3.385412983,14.62559411,3.392056525,1,0,0,0,0,0,0,0,0,0,0,0
1091,12.583654,3.941348715,3.950823053,1,0,0,0,1,0,0,0,0,0,0,0
1092,7.442455544,-5.418781063,-4.763678648,1,0,0,0,1,0,0,1,0,0,1,0
1093,-4.79709631,-16.6166271,-1.471989966,1,0,0,0,0,0,0,1,0,0,1,0
1094,9.163989127,-36.4264205,-2.130928641,1,0,0,0,1,0,0,1,0,0,1,0
1095,3.828504082,-12.543924,-12.51161869,1,0,0,0,1,0,0,0,0,0,1,0
1096,10.28077585,-20.36433387,-1.591421723,1,0,0,0,1,0,0,1,0,0,1,0
1097,7.726377214,-25.62574022,-8.117305533,1,0,0,0,1,0,0,1,0,0,1,0
1098,-6.403521658,11.13918109,-13.00542657,1,0,0,0,1,0,0,1,0,0,1,0
1099,0.297791094,-21.4856468,-6.493150361,1,0,0,0,1,0,0,1,0,0,1,0
1100,6.887837872,-32.04171795,-1.858462851,1,0,0,0,1,0,0,1,0,0,1,0
1101,6.723208454,-14.16531308,-0.309792085,1,0,0,0,1,0,0,1,0,0,1,0
1102,-6.400086922,-11.22641627,-3.053117908,1,0,0,0,0,0,0,1,0,0,1,0
1103,-1.088449449,28.85454517,-6.214039073,1,0,0,0,1,0,0,1,0,0,0,0
1104,8.781656271,1.225954965,18.56437986,1,0,0,1,0,0,1,0,0,0,1,0
1105,-1.510670995,-6.246461527,5.361071243,1,0,0,0,0,0,0,1,0,0,0,0
1106,-1.146983475,-31.81740247,-2.099265873,1,0,0,1,1,0,0,1,0,1,1,0
1107,4.81399919,8.741360508,2.479739958,1,0,0,0,0,0,0,1,0,0,0,0
1108,-2.373644776,-5.776425056,4.685564262,1,0,0,1,0,0,0,1,0,0,1,0
1109,15.98500419,-4.406513865,19.55079289,1,0,0,1,1,0,1,1,0,1,1,0
1110,-2.711393804,16.8421682,-6.635379719,1,0,0,0,0,0,0,0,0,0,0,0
1111,-4.822566944,-0.054179134,-4.813987255,1,0,0,0,1,0,0,0,0,0,1,0
1112,10.17762273,-16.13766733,2.576599697,1,0,0,0,1,0,0,1,0,0,1,0
1113,3.41250972,-8.297466106,-3.872454033,1,0,0,0,1,0,0,1,0,0,1,0
1114,6.929714702,7.302891356,16.42267014,1,1,0,1,0,0,1,1,0,1,1,0
1115,9.152530704,3.031478261,22.22911686,1,0,0,1,0,0,1,1,0,1,0,0
1116,4.36421987,-3.1879961,10.78373636,1,0,0,1,0,0,0,1,0,0,1,0
1117,0.794219464,-22.96757178,-12.04806634,1,0,0,0,1,0,0,0,0,0,1,0
1118,-0.543876928,12.31531206,-4.36991075,1,0,0,0,0,0,0,0,0,0,0,0
1119,8.780417093,-6.57332735,-12.19602947,1,0,0,0,1,0,0,0,0,0,1,0
1120,6.210791653,-35.62749648,-8.823514406,1,0,0,0,0,0,0,1,0,0,1,0
1121,6.724119471,-36.15438868,-6.118576039,1,0,0,0,0,0,0,1,0,0,1,0
1122,16.57550038,-2.269542427,21.15817506,1,1,0,1,1,0,1,1,0,1,1,1
1123,3.855478786,-27.36353079,-1.367622189,1,0,0,0,1,0,0,1,0,0,1,0
1124,1.631815113,5.014750548,-2.13470541,1,0,0,0,1,0,0,0,0,0,1,0
1125,4.823053265,-37.54893057,-7.829314684,1,0,0,0,1,0,0,1,0,0,1,0
1126,-5.481590831,-13.30643055,-8.677642519,1,0,0,0,1,0,0,1,0,0,1,0
1127,3.481393122,-22.08560893,2.950705203,1,0,0,1,0,0,0,1,0,0,1,0
1128,-6.944816201,-14.16159126,-2.922855476,1,0,0,0,0,0,0,1,0,0,1,0
1129,-0.584982896,-2.090842395,-2.815432067,1,0,0,0,0,0,0,1,0,0,1,0
1130,1.453005402,0.364233845,-1.052356561,1,0,0,0,0,0,0,1,0,0,1,0
1131,8.532638357,-7.173699071,-12.45320135,1,0,0,0,1,0,0,0,0,0,1,0
1132,-4.620035567,-10.98479202,-16.03506333,1,0,0,0,1,0,0,0,0,0,1,0
1133,8.528085637,-19.58467986,-1.103648895,1,0,0,0,1,0,0,1,0,0,1,0
1134,16.29881239,-3.551289152,11.10908125,1,0,0,0,1,0,1,1,0,0,0,0
1135,7.198483233,-24.52997731,-1.145257087,1,0,0,0,1,0,0,1,0,0,1,0
1136,-0.726258259,-32.55537353,-10.77058675,1,0,0,0,1,0,0,1,0,0,1,0
1137,12.33203188,-11.20918892,1.028597748,1,0,0,0,1,0,0,1,0,0,0,0
1138,-2.616026302,-25.5278824,-5.569076067,1,0,0,0,0,0,0,0,0,0,1,0
1139,1.00310805,-21.82594829,2.653755611,1,0,0,1,0,0,0,1,0,0,1,0
1140,-0.137330766,4.425408124,-2.553796342,1,0,0,0,1,0,0,1,0,0,1,0
1141,13.99264713,4.960108996,19.28221922,1,0,0,1,0,0,1,0,1,1,1,1
1142,-14.01579787,-8.593931917,-12.84843473,1,0,0,0,0,0,0,0,0,0,1,0
1143,-2.264203319,-3.095770528,0.944115882,1,0,0,0,0,0,0,1,0,0,1,0
1144,1.658112523,-37.88595486,-10.43329754,1,0,0,0,1,0,0,0,0,0,1,0
1145,5.223990908,-11.93216848,5.329076152,1,0,0,0,0,0,0,1,0,0,1,0
1146,12.76528667,-9.543040144,-0.320294861,1,0,0,0,1,0,0,1,0,0,0,0
1147,1.786964127,15.61665138,-9.033502406,1,0,0,0,1,0,0,1,0,0,0,0
1148,-5.742139629,12.73646964,3.575625915,1,0,0,0,0,0,0,0,0,0,0,0
1149,5.33432429,-32.87872851,-10.76042621,1,0,0,0,0,0,0,1,0,0,1,0
1150,4.872866543,-31.40098458,-14.58409911,1,0,0,0,0,0,0,1,0,0,1,0
1151,0.601336038,-35.64156201,-10.92261068,1,0,0,0,1,0,0,0,0,0,1,0
1152,-0.339560558,-0.649270507,-3.384973479,1,0,0,0,0,0,0,1,0,0,1,0
1153,-2.827355857,-12.17042962,3.681422493,1,0,0,0,0,0,0,1,0,0,1,0
1154,-9.590208099,18.33892289,2.214812996,1,0,0,0,0,0,0,0,0,0,1,0
1155,9.469995829,-10.24701066,-12.63475199,1,0,0,0,1,0,0,0,0,0,1,0
1156,12.79256245,-18.34545791,-5.476165346,1,0,0,0,1,0,0,1,0,0,0,0
